施設,全回答数,直近30日間の回答数,前の30日間の回答数,伸び率（対前月）,石川県の回答数順位,石川県の回答数順位(直近30日間),商品・サービス満足度,商品・サービス満足度(直近30日間),施設全体満足度,施設全体満足度(直近30日間),旅全体満足度,旅全体満足度(直近30日間),施設の推奨度,推奨者数,非推奨者数,NPS,推奨者数(直近30日間),非推奨者数(直近30日間),NPS(直近30日間),10代,20代,30代,40代,50代,60代,70代,80代,90代,100代,男性,女性,1泊,2泊,3泊,4泊以上,日帰り,自分ひとり,恋人,友人,夫婦2人,団体旅行,親戚,親,職場の同僚,小学生以下連れの家族,中学生以下連れの家族,高校生連れの家族,災害支援,宿でのんびり過ごす,温泉や露天風呂,地元の美味しいものを食べる,花見や紅葉などの自然鑑賞,名所、旧跡の観光,テーマパーク（遊園地、動物園、博物館など）,買い物、アウトレット,お祭りやイベントへの参加・見物,スポーツ観戦や芸能鑑賞（コンサート等）,アウトドア（海水浴、釣り、登山など）,まちあるき、都市散策,各種体験（手作り、果物狩りなど）,スキー・スノボ、マリンスポーツ,その他スポーツ（ゴルフ、テニスなど）,ドライブ・ツーリング,友人・親戚を尋ねる,出張など仕事関係,100万円未満,100万円以上 200万円未満,200万円以上 300万円未満,300万円以上 400万円未満,400万円以上 500万円未満,500万円以上 600万円未満,600万円以上 700万円未満,700万円以上 800万円未満,800万円以上 900万円未満,"900万円以上 1,000万円未満","1,000万円以上 1,200万円未満","1,200万円以上 1,500万円未満","1,500万円以上",北海道,青森県,岩手県,宮城県,秋田県,山形県,福島県,茨城県,栃木県,群馬県,埼玉県,千葉県,東京都,神奈川県,新潟県,富山県,石川県,福井県,山梨県,長野県,岐阜県,静岡県,愛知県,三重県,滋賀県,京都府,大阪府,兵庫県,奈良県,和歌山県,鳥取県,島根県,岡山県,広島県,山口県,徳島県,香川県,愛媛県,高知県,福岡県,佐賀県,長崎県,熊本県,大分県,宮崎県,鹿児島県,沖縄県
金沢城公園,596,17,13,0.3076923077,6,16,4.495967742,3.882352941,4.426716141,4.411764706,4.602439024,4.235294118,8.466442953,333,73,0.4362416107,10,0,0.5882352941,0.01845637584,0.144295302,0.1744966443,0.1946308725,0.2617449664,0.1577181208,0.04865771812,0,0,0,0.4060402685,0.5805369128,0.3758389262,0.3187919463,0.07718120805,0.0855704698,0.1426174497,0.2197986577,0.08053691275,0.144295302,0.2399328859,0.008389261745,0,0.08724832215,0.01677852349,0.0822147651,0.02181208054,0.001677852349,0,0.144295302,0.1744966443,0.6140939597,0.1275167785,0,0,0,0.0755033557,0,0,0,0,0,0,0.03020134228,0,0.04697986577,0.05704697987,0.05872483221,0.09060402685,0.1191275168,0.1510067114,0.1157718121,0.0788590604,0.08053691275,0.04530201342,0.06375838926,0.06208053691,0.02684563758,0.05033557047,0.01845637584,0.001677852349,0.003355704698,0.008389261745,0.001677852349,0.005033557047,0.006711409396,0.02013422819,0.02348993289,0.01510067114,0.06040268456,0.07382550336,0.1560402685,0.06711409396,0.01677852349,0.03020134228,0.0755033557,0.01342281879,0.005033557047,0.01677852349,0.02348993289,0.03187919463,0.08724832215,0.01342281879,0.01342281879,0.02684563758,0.0755033557,0.05201342282,0.008389261745,0.001677852349,0.001677852349,0,0.005033557047,0.003355704698,0.001677852349,0.001677852349,0,0.005033557047,0,0.01342281879,0.001677852349,0,0,0.006711409396,0,0,0.006711409396
兼六園,122,11,3,2.666666667,25,23,4.470588235,4.363636364,4.5,4.181818182,4.58,4,8.401639344,64,18,0.3770491803,1,2,-0.09090909091,0.01639344262,0.1557377049,0.1721311475,0.2131147541,0.2295081967,0.1967213115,0.01639344262,0,0,0,0.262295082,0.7131147541,0.4754098361,0.2786885246,0.09016393443,0.04918032787,0.106557377,0.09016393443,0.1229508197,0.1557377049,0.3278688525,0.008196721311,0,0.1229508197,0.02459016393,0.02459016393,0.02459016393,0,0,0.05737704918,0.1557377049,0.6803278689,0.1639344262,0,0,0,0.04918032787,0,0,0,0,0,0,0.01639344262,0,0.04098360656,0.03278688525,0.04918032787,0.1147540984,0.106557377,0.09016393443,0.1475409836,0.106557377,0.06557377049,0.05737704918,0.06557377049,0.106557377,0.04918032787,0.008196721311,0.02459016393,0,0,0.008196721311,0.008196721311,0,0,0.008196721311,0.02459016393,0.01639344262,0.06557377049,0.09016393443,0.2131147541,0.1229508197,0.008196721311,0.02459016393,0.06557377049,0,0.008196721311,0.02459016393,0.01639344262,0.008196721311,0.04918032787,0.01639344262,0.008196721311,0.03278688525,0.04918032787,0.008196721311,0.008196721311,0.008196721311,0,0,0,0.01639344262,0,0.008196721311,0,0,0,0.02459016393,0,0.008196721311,0,0.01639344262,0,0,0.008196721311
金沢駅,358,50,53,-0.05660377358,10,5,4.4617737,4.22,4.411242604,4.16,4.623376623,4.62,8.61452514,201,31,0.4748603352,26,4,0.44,0.02793296089,0.1731843575,0.1955307263,0.217877095,0.2067039106,0.1648044693,0.01117318436,0.002793296089,0,0,0.343575419,0.6340782123,0.3994413408,0.3156424581,0.09776536313,0.09497206704,0.09217877095,0.251396648,0.0782122905,0.1145251397,0.2234636872,0.008379888268,0.002793296089,0.1173184358,0.04748603352,0.04469273743,0.008379888268,0,0.005586592179,0.1536312849,0.1452513966,0.6648044693,0.05586592179,0,0,0,0.07262569832,0,0,0,0,0,0,0.005586592179,0,0.08659217877,0.0530726257,0.05027932961,0.06424581006,0.1061452514,0.1284916201,0.1229050279,0.09497206704,0.0782122905,0.06424581006,0.04469273743,0.07262569832,0.06424581006,0.05586592179,0.005586592179,0,0.01117318436,0.01117318436,0,0.01117318436,0.005586592179,0.01396648045,0.002793296089,0.01675977654,0.05865921788,0.04189944134,0.2150837989,0.09217877095,0.008379888268,0.0251396648,0.02793296089,0.005586592179,0.005586592179,0.04189944134,0.01117318436,0.01117318436,0.06145251397,0.008379888268,0.005586592179,0.0251396648,0.1284916201,0.05027932961,0.01396648045,0.008379888268,0,0,0.01117318436,0.03072625698,0.005586592179,0,0,0,0,0.01396648045,0.002793296089,0.002793296089,0.002793296089,0,0,0.002793296089,0.002793296089
金沢中央観光案内所,952,16,31,-0.4838709677,3,17,4.382506527,3.5625,4.4004914,4.0625,4.574045802,4.5625,8.080882353,435,182,0.2657563025,8,2,0.375,0.02941176471,0.1838235294,0.2037815126,0.1796218487,0.2363445378,0.1407563025,0.0262605042,0,0,0,0.3350840336,0.6323529412,0.343487395,0.3298319328,0.106092437,0.1228991597,0.09768907563,0.1943277311,0.1092436975,0.1323529412,0.2510504202,0.00525210084,0.001050420168,0.1197478992,0.01470588235,0.06617647059,0.01470588235,0.001050420168,0,0.1880252101,0.1334033613,0.6575630252,0.09243697479,0,0,0,0.06827731092,0,0,0,0,0,0,0.009453781513,0,0.03466386555,0.07352941176,0.03361344538,0.06722689076,0.1334033613,0.125,0.1092436975,0.08823529412,0.05672268908,0.05462184874,0.06302521008,0.09243697479,0.03676470588,0.06617647059,0.01155462185,0.004201680672,0.009453781513,0.01470588235,0.002100840336,0.007352941176,0.003151260504,0.02205882353,0.01365546218,0.009453781513,0.05147058824,0.0493697479,0.2342436975,0.09138655462,0.01050420168,0.02521008403,0.05042016807,0.006302521008,0.002100840336,0.007352941176,0.01575630252,0.02521008403,0.06092436975,0.009453781513,0.008403361345,0.03781512605,0.09033613445,0.04306722689,0.01470588235,0.007352941176,0.001050420168,0.002100840336,0.006302521008,0.00525210084,0.003151260504,0.001050420168,0.003151260504,0.002100840336,0.002100840336,0.01260504202,0.002100840336,0.002100840336,0.006302521008,0.003151260504,0.002100840336,0.002100840336,0.004201680672
長町武家屋敷休憩館,90,0,0,,34,61,4.415584416,,4.43902439,,4.555555556,,8.333333333,46,13,0.3666666667,0,0,,0.04444444444,0.1555555556,0.1555555556,0.2333333333,0.1666666667,0.2,0.04444444444,0,0,0,0.3888888889,0.6,0.3333333333,0.3222222222,0.1777777778,0.1111111111,0.05555555556,0.1,0.1444444444,0.1111111111,0.3888888889,0,0,0.1222222222,0.02222222222,0.03333333333,0,0,0,0.2111111111,0.2111111111,0.6222222222,0.08888888889,0,0,0,0.01111111111,0,0,0,0,0,0,0,0,0.02222222222,0.06666666667,0.02222222222,0.06666666667,0.1222222222,0.1111111111,0.1333333333,0.1,0.05555555556,0.06666666667,0.08888888889,0.08888888889,0.04444444444,0.03333333333,0.04444444444,0.02222222222,0,0,0,0,0,0,0,0.07777777778,0.04444444444,0.1,0.2111111111,0.1111111111,0.02222222222,0.02222222222,0.03333333333,0,0,0.01111111111,0.03333333333,0,0.1,0,0,0.02222222222,0.03333333333,0.04444444444,0.02222222222,0,0.01111111111,0,0,0.01111111111,0,0,0,0,0,0.01111111111,0.01111111111,0,0,0,0,0,0
西茶屋資料館,68,0,2,-1,43,62,4.403508772,,4.433333333,,4.526315789,,7.132352941,18,22,-0.05882352941,0,0,,0,0.1617647059,0.2647058824,0.1176470588,0.3088235294,0.1470588235,0,0,0,0,0.3382352941,0.6323529412,0.2794117647,0.4558823529,0.1323529412,0.04411764706,0.08823529412,0.1617647059,0.07352941176,0.1029411765,0.4264705882,0,0,0.1176470588,0.01470588235,0.04411764706,0.04411764706,0,0,0.1911764706,0.1470588235,0.7205882353,0.07352941176,0,0,0,0.01470588235,0,0,0,0,0,0,0.01470588235,0,0.01470588235,0.01470588235,0.02941176471,0.1029411765,0.05882352941,0.1029411765,0.1470588235,0.05882352941,0.04411764706,0.02941176471,0.1029411765,0.1617647059,0.08823529412,0.05882352941,0,0,0,0,0,0.01470588235,0,0,0.04411764706,0,0.08823529412,0.1029411765,0.3088235294,0.07352941176,0.04411764706,0.01470588235,0.01470588235,0.02941176471,0.01470588235,0,0,0,0.04411764706,0,0.02941176471,0.04411764706,0.04411764706,0.04411764706,0.01470588235,0,0,0,0.01470588235,0,0,0,0,0,0,0,0,0,0.01470588235,0,0,0,0
ひがし茶屋休憩館,96,3,5,-0.4,31,42,4.545454545,4.333333333,4.565217391,4.333333333,4.6875,4.666666667,8.520833333,53,9,0.4583333333,2,0,0.6666666667,0.03125,0.21875,0.1770833333,0.2083333333,0.3020833333,0.05208333333,0.01041666667,0,0,0,0.3229166667,0.6770833333,0.3125,0.4166666667,0.05208333333,0.1041666667,0.1145833333,0.15625,0.125,0.1666666667,0.2291666667,0.01041666667,0,0.1354166667,0,0.05208333333,0.01041666667,0,0,0.2395833333,0.1979166667,0.78125,0.07291666667,0,0,0,0.01041666667,0,0,0,0,0,0,0,0,0.02083333333,0.09375,0.03125,0.09375,0.1041666667,0.1770833333,0.05208333333,0.08333333333,0.08333333333,0.03125,0.08333333333,0.0625,0.04166666667,0.0625,0.02083333333,0,0,0,0,0.01041666667,0,0.02083333333,0,0.01041666667,0.05208333333,0.0625,0.1875,0.125,0.03125,0.01041666667,0.02083333333,0.01041666667,0.01041666667,0.02083333333,0.02083333333,0.03125,0.08333333333,0,0.01041666667,0.03125,0.1145833333,0.01041666667,0.01041666667,0,0,0,0.01041666667,0.04166666667,0,0,0,0,0,0.03125,0,0,0,0,0,0,0.01041666667
石川県政記念しいのき迎賓館,102,15,3,4,30,18,4.409090909,3.933333333,4.4375,4,4.5625,4.4,8.235294118,47,15,0.3137254902,7,1,0.4,0,0.1568627451,0.1666666667,0.2156862745,0.2745098039,0.1764705882,0.009803921569,0,0,0,0.3333333333,0.6470588235,0.3137254902,0.2549019608,0.1176470588,0.1176470588,0.1960784314,0.1862745098,0.09803921569,0.1568627451,0.2647058824,0,0,0.06862745098,0.01960784314,0.1274509804,0,0,0,0.1666666667,0.1862745098,0.6274509804,0.09803921569,0,0,0,0.2058823529,0,0,0,0,0,0,0.02941176471,0,0.07843137255,0.04901960784,0.02941176471,0.06862745098,0.1176470588,0.06862745098,0.1274509804,0.09803921569,0.08823529412,0.05882352941,0.09803921569,0.08823529412,0.01960784314,0.08823529412,0.009803921569,0,0,0,0.009803921569,0,0,0.009803921569,0,0.02941176471,0.06862745098,0,0.1470588235,0.06862745098,0.009803921569,0.07843137255,0.2450980392,0,0,0,0,0.009803921569,0.07843137255,0.009803921569,0,0.06862745098,0.08823529412,0.01960784314,0,0,0,0,0.01960784314,0.009803921569,0,0,0.009803921569,0,0,0.009803921569,0,0,0,0,0,0,0
石川県立図書館,972,9,5,0.8,2,27,4.651428571,4.777777778,4.702793296,4.777777778,4.605633803,4.777777778,8.636831276,611,112,0.5133744856,9,0,1,0.04115226337,0.2067901235,0.1646090535,0.1995884774,0.2181069959,0.1399176955,0.02057613169,0.007201646091,0.001028806584,0.001028806584,0.3641975309,0.6069958848,0.274691358,0.2613168724,0.1018518519,0.1265432099,0.2355967078,0.1913580247,0.07407407407,0.1471193416,0.1718106996,0.008230452675,0,0.1100823045,0.01131687243,0.1275720165,0.05144032922,0,0,0.1615226337,0.1152263374,0.462962963,0.02263374486,0,0,0,0.06378600823,0,0,0,0,0,0,0.03189300412,0,0.04012345679,0.06481481481,0.0329218107,0.0658436214,0.1008230453,0.1172839506,0.1388888889,0.08744855967,0.06687242798,0.08127572016,0.05658436214,0.08950617284,0.04835390947,0.04938271605,0.02263374486,0.002057613169,0.001028806584,0.006172839506,0.001028806584,0,0.006172839506,0.008230452675,0.01028806584,0.008230452675,0.05349794239,0.02983539095,0.1594650206,0.08950617284,0.0195473251,0.06481481481,0.1748971193,0.02469135802,0.001028806584,0.02469135802,0.02160493827,0.02263374486,0.05555555556,0.01234567901,0.01028806584,0.02263374486,0.05967078189,0.03395061728,0.005144032922,0.002057613169,0,0.004115226337,0.005144032922,0.008230452675,0,0.001028806584,0.001028806584,0.002057613169,0,0.008230452675,0.006172839506,0.004115226337,0.001028806584,0.003086419753,0,0.002057613169,0
石川県立歴史博物館,434,25,31,-0.1935483871,7,10,4.491183879,3.92,4.540942928,3.84,4.575063613,4.28,8.211981567,202,69,0.3064516129,9,5,0.16,0.02764976959,0.2350230415,0.1612903226,0.1658986175,0.2004608295,0.1658986175,0.04377880184,0,0,0,0.4631336406,0.5138248848,0.3387096774,0.3041474654,0.09907834101,0.09447004608,0.16359447,0.2718894009,0.1129032258,0.1175115207,0.267281106,0.006912442396,0,0.08294930876,0.01612903226,0.03456221198,0.002304147465,0,0,0.1612903226,0.1221198157,0.5276497696,0.08986175115,0,0,0,0.04838709677,0,0,0,0,0,0,0.01843317972,0,0.05299539171,0.05069124424,0.05299539171,0.08064516129,0.1244239631,0.1382488479,0.1082949309,0.0668202765,0.05069124424,0.04838709677,0.0599078341,0.07603686636,0.04838709677,0.09447004608,0.01382488479,0.002304147465,0.004608294931,0.002304147465,0.004608294931,0.004608294931,0,0.01843317972,0.006912442396,0.02073732719,0.05299539171,0.04838709677,0.1935483871,0.09216589862,0.006912442396,0.03686635945,0.1082949309,0.01152073733,0.009216589862,0.02764976959,0.01382488479,0.02764976959,0.06912442396,0.01152073733,0.01843317972,0.02995391705,0.07834101382,0.03225806452,0.01382488479,0.004608294931,0,0,0.004608294931,0.004608294931,0,0,0.01152073733,0.002304147465,0,0.006912442396,0,0,0,0,0,0,0.004608294931
石川県立美術館,158,7,17,-0.5882352941,20,33,4.422222222,3.714285714,4.520833333,4.142857143,4.547619048,4.571428571,8.075949367,73,27,0.2911392405,3,1,0.2857142857,0,0.1708860759,0.1835443038,0.1898734177,0.246835443,0.1835443038,0.0253164557,0,0,0,0.4050632911,0.5759493671,0.3417721519,0.2025316456,0.08227848101,0.08227848101,0.2911392405,0.2594936709,0.1075949367,0.1012658228,0.3291139241,0.006329113924,0,0.08227848101,0.006329113924,0.03164556962,0.0253164557,0,0,0.1518987342,0.1075949367,0.5189873418,0.07594936709,0,0,0,0.0253164557,0,0,0,0,0,0,0.01898734177,0,0.006329113924,0.0253164557,0.03164556962,0.09493670886,0.1202531646,0.1139240506,0.08227848101,0.1139240506,0.09493670886,0.04430379747,0.06962025316,0.1012658228,0.05063291139,0.05696202532,0.01898734177,0,0,0,0,0,0.006329113924,0.0253164557,0.01265822785,0.01265822785,0.0253164557,0.0253164557,0.164556962,0.09493670886,0.01265822785,0.06962025316,0.1835443038,0.03797468354,0,0.03164556962,0.01898734177,0.006329113924,0.0253164557,0.01265822785,0.01898734177,0.01898734177,0.03797468354,0.03797468354,0.03797468354,0,0.01898734177,0,0.006329113924,0.006329113924,0.006329113924,0,0,0,0.006329113924,0.006329113924,0,0,0,0,0,0.006329113924,0.006329113924
からくり記念館,66,11,6,0.8333333333,46,24,4.532258065,4.818181818,4.484375,4.727272727,4.5,4.545454545,8.333333333,31,7,0.3636363636,8,1,0.6363636364,0.06060606061,0.09090909091,0.1818181818,0.3181818182,0.1363636364,0.1666666667,0.04545454545,0,0,0,0.4545454545,0.5303030303,0.2575757576,0.2878787879,0.0303030303,0.1515151515,0.2727272727,0.1515151515,0.07575757576,0.1060606061,0.2121212121,0.0303030303,0,0.06060606061,0.01515151515,0.2272727273,0.04545454545,0,0,0.1060606061,0.2121212121,0.4242424242,0.06060606061,0,0,0,0.06060606061,0,0,0,0,0,0,0.06060606061,0,0.04545454545,0.06060606061,0.07575757576,0.09090909091,0.07575757576,0.07575757576,0.07575757576,0.09090909091,0.1212121212,0.06060606061,0.06060606061,0.1212121212,0.06060606061,0.0303030303,0.0303030303,0.01515151515,0,0,0.01515151515,0,0,0,0,0,0.04545454545,0.01515151515,0.04545454545,0.01515151515,0.0303030303,0.06060606061,0.1666666667,0.01515151515,0,0.06060606061,0.0303030303,0.01515151515,0.0303030303,0.06060606061,0.0303030303,0.09090909091,0.1212121212,0.0303030303,0,0,0,0.01515151515,0,0.0303030303,0,0,0,0,0,0,0,0,0,0.01515151515,0.01515151515,0,0
ホテル・トリフィート金沢,153,9,5,0.8,21,28,4.585034014,4.111111111,4.58,4.111111111,4.650406504,4.555555556,8.633986928,88,14,0.4836601307,3,2,0.1111111111,0.006535947712,0.1830065359,0.2352941176,0.137254902,0.2810457516,0.137254902,0.01960784314,0,0,0,0.3333333333,0.6535947712,0.3986928105,0.4901960784,0.0522875817,0.05882352941,0,0.08496732026,0.1307189542,0.1307189542,0.2418300654,0,0,0.1437908497,0.03267973856,0.03921568627,0.01960784314,0,0,0.2026143791,0.1045751634,0.7189542484,0.05882352941,0,0,0,0.01307189542,0,0,0,0,0,0,0,0,0.06535947712,0.01307189542,0.01960784314,0.05882352941,0.1437908497,0.1307189542,0.09803921569,0.0522875817,0.07189542484,0.05882352941,0.08496732026,0.1503267974,0.05882352941,0.05882352941,0.02614379085,0.01307189542,0,0.006535947712,0,0,0.01307189542,0,0.01307189542,0.03267973856,0.09803921569,0.06535947712,0.2875816993,0.09803921569,0.02614379085,0,0.0522875817,0,0,0,0.01960784314,0.03267973856,0.04575163399,0.01307189542,0.006535947712,0.01307189542,0.06535947712,0.01307189542,0,0,0,0.01307189542,0.006535947712,0.01960784314,0,0,0,0,0,0.006535947712,0,0,0.006535947712,0.006535947712,0,0,0
ダイワロイネットホテル金沢MIYABI,89,6,4,0.5,35,36,4.620689655,4.333333333,4.655172414,4.333333333,4.653846154,4.5,8.752808989,56,7,0.5505617978,1,0,0.1666666667,0,0.1573033708,0.2808988764,0.2134831461,0.2584269663,0.05617977528,0.03370786517,0,0,0,0.3595505618,0.6292134831,0.4831460674,0.2921348315,0.1235955056,0.08988764045,0.01123595506,0.1123595506,0.1235955056,0.08988764045,0.2247191011,0,0.01123595506,0.1123595506,0.1235955056,0.1123595506,0.02247191011,0,0,0.2134831461,0.1797752809,0.6516853933,0.06741573034,0,0,0,0.02247191011,0,0,0,0,0,0,0,0,0.1460674157,0.01123595506,0.05617977528,0.06741573034,0.1573033708,0.05617977528,0.05617977528,0.1011235955,0.08988764045,0.1011235955,0.05617977528,0.1235955056,0.02247191011,0.1011235955,0.03370786517,0,0,0.05617977528,0,0,0.03370786517,0.04494382022,0.01123595506,0,0.04494382022,0.02247191011,0.202247191,0.03370786517,0.03370786517,0.01123595506,0.04494382022,0,0,0.02247191011,0.03370786517,0,0.1011235955,0.02247191011,0,0.02247191011,0.06741573034,0.03370786517,0,0,0,0,0.01123595506,0.03370786517,0,0.01123595506,0,0,0.01123595506,0.04494382022,0,0,0,0,0,0.01123595506,0
ホテルインターゲート金沢,52,0,0,,55,63,4.583333333,,4.54,,4.217391304,,8.461538462,28,5,0.4423076923,0,0,,0,0.1153846154,0.1923076923,0.1923076923,0.3076923077,0.1730769231,0.01923076923,0,0,0,0.6923076923,0.2884615385,0.4615384615,0.3461538462,0.07692307692,0.1153846154,0,0.1346153846,0.05769230769,0.1153846154,0.4038461538,0.01923076923,0,0.07692307692,0.1153846154,0.01923076923,0,0,0,0.1538461538,0.09615384615,0.6923076923,0.01923076923,0,0,0,0.01923076923,0,0,0,0,0,0,0.01923076923,0,0.1153846154,0,0.01923076923,0.03846153846,0.07692307692,0.09615384615,0.1346153846,0.1730769231,0.1538461538,0.03846153846,0.09615384615,0.1153846154,0.05769230769,0,0.03846153846,0,0,0,0,0,0.05769230769,0,0.01923076923,0,0.01923076923,0.07692307692,0.07692307692,0.01923076923,0.1153846154,0.01923076923,0.01923076923,0.01923076923,0,0.03846153846,0,0.05769230769,0.07692307692,0.03846153846,0.01923076923,0,0.1538461538,0.03846153846,0,0,0,0,0.03846153846,0,0,0,0,0,0,0.03846153846,0.01923076923,0,0,0,0,0,0
ホテルマイステイズプレミア金沢,86,0,4,-1,36,64,4.564102564,,4.584415584,,4.6875,,8.337209302,47,16,0.3604651163,0,0,,0.03488372093,0.1860465116,0.1860465116,0.2093023256,0.2674418605,0.1162790698,0,0,0,0,0.4651162791,0.523255814,0.4302325581,0.3604651163,0.05813953488,0.1511627907,0,0.08139534884,0.05813953488,0.08139534884,0.09302325581,0.01162790698,0,0.2325581395,0.06976744186,0.1860465116,0.1279069767,0,0,0.2209302326,0.1860465116,0.5930232558,0.08139534884,0,0,0,0.03488372093,0,0,0,0,0,0,0.01162790698,0,0.09302325581,0.04651162791,0.02325581395,0.1046511628,0.08139534884,0.08139534884,0.1162790698,0.08139534884,0.1162790698,0.03488372093,0.09302325581,0.1627906977,0.03488372093,0.02325581395,0.02325581395,0,0,0,0,0,0,0.02325581395,0,0.01162790698,0.03488372093,0.09302325581,0.2325581395,0.1162790698,0.01162790698,0.01162790698,0.05813953488,0,0.01162790698,0.05813953488,0.02325581395,0,0.03488372093,0,0.02325581395,0.03488372093,0.06976744186,0.03488372093,0.01162790698,0,0,0,0.02325581395,0.01162790698,0,0,0,0,0,0.02325581395,0,0,0,0,0,0,0.02325581395
チサンバジェット金沢駅前,206,0,0,,16,65,4.136363636,,4.176100629,,4.432989691,,7.305825243,65,64,0.004854368932,0,0,,0.009708737864,0.1213592233,0.1941747573,0.2087378641,0.3495145631,0.1019417476,0.0145631068,0,0,0,0.5922330097,0.3834951456,0.3640776699,0.2766990291,0.1310679612,0.2233009709,0.004854368932,0.4514563107,0.04854368932,0.07281553398,0.08737864078,0.02427184466,0,0.03398058252,0.2087378641,0,0.004854368932,0,0,0.07766990291,0.06310679612,0.3689320388,0.03398058252,0,0,0,0.02427184466,0,0,0,0,0,0,0.004854368932,0,0.427184466,0.02427184466,0.03398058252,0.09223300971,0.1019417476,0.1310679612,0.09223300971,0.09708737864,0.1067961165,0.08252427184,0.1116504854,0.08252427184,0.01941747573,0.02427184466,0.01941747573,0,0,0.004854368932,0.0145631068,0.004854368932,0.009708737864,0.01941747573,0,0.004854368932,0.03883495146,0.05339805825,0.1650485437,0.08737864078,0.04854368932,0.02427184466,0.05825242718,0.0145631068,0,0.02912621359,0,0.0145631068,0.04854368932,0.004854368932,0.004854368932,0.05825242718,0.1019417476,0.01941747573,0.0145631068,0.004854368932,0.004854368932,0.004854368932,0.009708737864,0.03398058252,0,0,0.0145631068,0.004854368932,0,0.0145631068,0.009708737864,0.009708737864,0.01941747573,0,0,0.004854368932,0
トリフィートホテル&ポッド金沢百万石通,107,3,4,-0.25,29,43,4.4,3.333333333,4.454545455,4.666666667,4.542857143,4.666666667,8.448598131,54,9,0.4205607477,1,0,0.3333333333,0,0.1308411215,0.1775700935,0.1495327103,0.3831775701,0.1401869159,0.01869158879,0,0,0,0.476635514,0.523364486,0.4299065421,0.3551401869,0.07476635514,0.1401869159,0,0.5700934579,0.009345794393,0.1682242991,0.05607476636,0.009345794393,0,0.02803738318,0.04672897196,0,0.01869158879,0,0,0.1214953271,0.1121495327,0.5981308411,0.09345794393,0,0,0,0.009345794393,0,0,0,0,0,0,0.009345794393,0,0.1495327103,0.07476635514,0.05607476636,0.04672897196,0.1308411215,0.1121495327,0.08411214953,0.07476635514,0.07476635514,0.08411214953,0.03738317757,0.06542056075,0.07476635514,0.08411214953,0.009345794393,0,0,0,0.009345794393,0,0,0.03738317757,0.009345794393,0.009345794393,0.02803738318,0.03738317757,0.214953271,0.08411214953,0.009345794393,0.01869158879,0.04672897196,0.02803738318,0.009345794393,0.03738317757,0,0,0.1308411215,0.009345794393,0,0.02803738318,0.1214953271,0.05607476636,0,0,0,0,0,0,0.009345794393,0,0,0,0,0.02803738318,0,0.009345794393,0.01869158879,0,0,0,0
金沢東急ホテル,34,1,2,-0.5,71,55,4.588235294,5,4.588235294,5,4.666666667,5,8.558823529,18,4,0.4117647059,1,0,1,0,0.1470588235,0.1470588235,0.2647058824,0.3529411765,0.08823529412,0,0,0,0,0.3529411765,0.5882352941,0.5294117647,0.2647058824,0.08823529412,0.02941176471,0.08823529412,0.08823529412,0.05882352941,0.1470588235,0.3235294118,0,0,0.1764705882,0,0.08823529412,0.02941176471,0,0,0.3235294118,0.05882352941,0.7352941176,0.1470588235,0,0,0,0,0,0,0,0,0,0,0.08823529412,0,0.02941176471,0,0.02941176471,0.05882352941,0.05882352941,0.1176470588,0.05882352941,0.08823529412,0.08823529412,0.08823529412,0.05882352941,0.2058823529,0.05882352941,0.08823529412,0.02941176471,0,0,0,0,0,0,0.02941176471,0,0,0,0,0.1764705882,0.1470588235,0,0,0.3529411765,0,0,0.02941176471,0.02941176471,0,0.02941176471,0.02941176471,0.02941176471,0.02941176471,0.02941176471,0.05882352941,0,0,0,0,0,0,0,0,0,0,0,0,0,0,0,0,0,0,0
KOKOHOTEL Premier 金沢香林坊,612,3,11,-0.7272727273,5,44,4.469314079,4.333333333,4.478417266,1.666666667,4.560810811,4.666666667,8.403594771,328,72,0.4183006536,2,1,0.3333333333,0.003267973856,0.1732026144,0.1323529412,0.1879084967,0.2892156863,0.1846405229,0.02777777778,0.001633986928,0,0,0.5065359477,0.4869281046,0.4150326797,0.3333333333,0.1209150327,0.1290849673,0.001633986928,0.2549019608,0.1503267974,0.08823529412,0.2679738562,0.009803921569,0,0.04575163399,0.07189542484,0.02450980392,0.006535947712,0,0.004901960784,0.1797385621,0.07352941176,0.6029411765,0.06209150327,0,0,0,0.03431372549,0,0,0,0,0,0,0.01797385621,0,0.2026143791,0.02777777778,0.02450980392,0.06862745098,0.09150326797,0.1045751634,0.1192810458,0.1029411765,0.08986928105,0.05555555556,0.05555555556,0.1078431373,0.08169934641,0.07026143791,0.02450980392,0.003267973856,0.001633986928,0.0114379085,0.003267973856,0.004901960784,0.006535947712,0.01797385621,0.01307189542,0.009803921569,0.02124183007,0.04411764706,0.1633986928,0.08333333333,0.01960784314,0.02777777778,0.04738562092,0.02450980392,0.006535947712,0.01633986928,0.02124183007,0.02450980392,0.08986928105,0.0114379085,0.02777777778,0.04411764706,0.08496732026,0.04738562092,0.008169934641,0.004901960784,0.008169934641,0.001633986928,0.008169934641,0.009803921569,0.001633986928,0.004901960784,0.004901960784,0.003267973856,0.003267973856,0.02124183007,0.001633986928,0.004901960784,0.001633986928,0.001633986928,0.003267973856,0,0.004901960784
ホテルウィングインターナショナルプレミアム金沢駅前,191,0,0,,17,66,4.454022989,,4.416666667,,4.511450382,,8.22513089,86,23,0.3298429319,0,0,,0,0.1884816754,0.2670157068,0.1465968586,0.2879581152,0.0942408377,0.01570680628,0,0,0,0.4607329843,0.5130890052,0.4764397906,0.277486911,0.1047120419,0.1151832461,0.02617801047,0.3141361257,0.1465968586,0.08376963351,0.2094240838,0.005235602094,0,0.04712041885,0.08376963351,0.06282722513,0,0,0,0.1727748691,0.06282722513,0.5497382199,0.06282722513,0,0,0,0.04712041885,0,0,0,0,0,0,0.01047120419,0,0.2094240838,0,0.03141361257,0.02094240838,0.1047120419,0.1308900524,0.1413612565,0.0890052356,0.109947644,0.05759162304,0.05759162304,0.1465968586,0.04188481675,0.06806282723,0.01047120419,0,0,0.01047120419,0,0.005235602094,0.005235602094,0.01047120419,0.01047120419,0.01047120419,0.06282722513,0.02617801047,0.1989528796,0.07329842932,0.03141361257,0.05759162304,0.05235602094,0,0,0.01570680628,0.03141361257,0.02094240838,0.08376963351,0.01047120419,0.03141361257,0.04188481675,0.08376963351,0.04712041885,0.01570680628,0.005235602094,0,0,0,0.01047120419,0,0,0,0.005235602094,0.005235602094,0.02617801047,0,0,0,0,0,0,0
石川県森林公園三国山キャンプ場,42,3,0,,64,45,4.642857143,4,4.8,3.333333333,4.652173913,4.666666667,8.952380952,30,3,0.6428571429,1,1,0,0,0.04761904762,0.1428571429,0.2619047619,0.3333333333,0.2142857143,0,0,0,0,0.7619047619,0.2380952381,0.8333333333,0.1428571429,0,0,0.02380952381,0.6666666667,0.04761904762,0.02380952381,0.09523809524,0,0,0.02380952381,0,0.04761904762,0.04761904762,0,0,0.1428571429,0.04761904762,0.09523809524,0.04761904762,0,0,0,0,0,0,0,0,0,0,0,0,0,0.02380952381,0.02380952381,0.04761904762,0.1666666667,0.1904761905,0.119047619,0.02380952381,0.119047619,0.07142857143,0.119047619,0.04761904762,0.02380952381,0.02380952381,0,0,0,0,0,0,0,0,0,0,0.02380952381,0,0.02380952381,0,0.02380952381,0.2142857143,0.6428571429,0.02380952381,0,0,0,0,0,0.02380952381,0,0,0.02380952381,0,0,0,0,0,0,0,0,0,0,0,0,0,0,0,0,0,0,0,0
ホテルルートイン金沢駅前,31,4,0,,77,41,4.173913043,4.25,4.409090909,3,4.363636364,3.25,7.387096774,11,11,0,1,0,0.25,0.03225806452,0.09677419355,0.03225806452,0.2258064516,0.4193548387,0.1935483871,0,0,0,0,0.4516129032,0.5483870968,0.3870967742,0.3870967742,0.09677419355,0.09677419355,0.03225806452,0.1935483871,0.03225806452,0.09677419355,0.1290322581,0,0,0.1290322581,0.1935483871,0.1290322581,0,0,0,0.06451612903,0.06451612903,0.3225806452,0.06451612903,0,0,0,0.03225806452,0,0,0,0,0,0,0,0,0.2903225806,0.09677419355,0.03225806452,0.03225806452,0.1612903226,0.03225806452,0.1290322581,0.1612903226,0.03225806452,0,0.06451612903,0.06451612903,0.1290322581,0.06451612903,0,0,0,0,0,0,0,0,0,0,0.03225806452,0.06451612903,0.1935483871,0,0.03225806452,0,0,0.03225806452,0,0.03225806452,0,0.03225806452,0.09677419355,0.06451612903,0,0.03225806452,0.1290322581,0.06451612903,0.03225806452,0,0,0,0.09677419355,0,0,0,0,0,0,0.03225806452,0,0,0,0,0,0.03225806452,0
アパホテル〈金沢駅前〉,33,0,0,,75,67,4.518518519,,4.333333333,,4.483870968,,8.181818182,15,5,0.303030303,0,0,,0,0.1212121212,0.2121212121,0.09090909091,0.3939393939,0.1515151515,0.0303030303,0,0,0,0.4242424242,0.5757575758,0.4545454545,0.2424242424,0.1212121212,0.1515151515,0.0303030303,0.4242424242,0.09090909091,0.1515151515,0.1212121212,0.0303030303,0,0.0303030303,0.09090909091,0,0,0,0,0.2121212121,0.09090909091,0.6363636364,0,0,0,0,0.0303030303,0,0,0,0,0,0,0.0303030303,0,0.1818181818,0.0303030303,0.0303030303,0.1515151515,0.1515151515,0.1212121212,0.09090909091,0.1818181818,0.0303030303,0.0303030303,0.09090909091,0,0.06060606061,0.0303030303,0,0,0,0,0,0,0.06060606061,0,0,0,0.06060606061,0,0.2121212121,0.06060606061,0,0.0303030303,0.09090909091,0,0,0,0.0303030303,0,0.2121212121,0,0,0,0.1212121212,0.0303030303,0,0,0.0303030303,0.0303030303,0,0,0,0,0,0,0,0.0303030303,0,0,0,0,0,0,0
尾山神社,428,27,27,0,9,8,4.469333333,3,4.473417722,3.518518519,4.631325301,4.111111111,8.450934579,217,45,0.4018691589,10,3,0.2592592593,0.01401869159,0.1051401869,0.1612149533,0.2009345794,0.3247663551,0.1612149533,0.03037383178,0.002336448598,0,0,0.3154205607,0.6728971963,0.3761682243,0.3598130841,0.08644859813,0.06542056075,0.1121495327,0.1892523364,0.06542056075,0.1495327103,0.2570093458,0.01635514019,0,0.1448598131,0.01401869159,0.04205607477,0.009345794393,0,0,0.1331775701,0.1542056075,0.6752336449,0.08411214953,0,0,0,0.02336448598,0,0,0,0,0,0,0.02336448598,0,0.05607476636,0.04439252336,0.05373831776,0.05140186916,0.1028037383,0.1588785047,0.1214953271,0.06542056075,0.08644859813,0.05841121495,0.04205607477,0.1168224299,0.05607476636,0.04205607477,0.01635514019,0.004672897196,0.004672897196,0.004672897196,0.004672897196,0.002336448598,0.002336448598,0.01869158879,0.01168224299,0.01168224299,0.06542056075,0.03738317757,0.1985981308,0.09112149533,0.02102803738,0.01869158879,0.05140186916,0.009345794393,0.002336448598,0.01635514019,0.01168224299,0.02803738318,0.08411214953,0.01168224299,0.02570093458,0.03037383178,0.07943925234,0.04672897196,0.01635514019,0,0.004672897196,0,0.007009345794,0.002336448598,0,0,0.007009345794,0.004672897196,0.002336448598,0.02102803738,0.004672897196,0.004672897196,0.009345794393,0,0.002336448598,0,0.002336448598
安江金箔工芸館,34,1,2,-0.5,72,56,4.379310345,4,4.483870968,4,4.558823529,5,8.235294118,18,5,0.3823529412,0,0,0,0,0.2352941176,0.1470588235,0.1470588235,0.3235294118,0.08823529412,0.05882352941,0,0,0,0.2941176471,0.6764705882,0.2647058824,0.4705882353,0.1470588235,0.05882352941,0.05882352941,0.08823529412,0.08823529412,0.2058823529,0.3235294118,0.02941176471,0,0.1176470588,0,0,0,0,0,0.1176470588,0.05882352941,0.6176470588,0.02941176471,0,0,0,0.05882352941,0,0,0,0,0,0,0,0,0,0,0.1176470588,0.1176470588,0.05882352941,0.1176470588,0.08823529412,0.08823529412,0.1764705882,0.08823529412,0.02941176471,0.05882352941,0.05882352941,0,0,0,0,0.05882352941,0.02941176471,0,0,0,0,0,0.05882352941,0.1470588235,0.1470588235,0.1176470588,0.02941176471,0,0.02941176471,0,0,0,0,0,0.05882352941,0.02941176471,0,0.02941176471,0.1764705882,0.05882352941,0,0,0,0,0.02941176471,0,0,0,0,0,0,0,0,0,0,0,0,0,0
スーパーホテルPremier金沢駅東口,133,9,5,0.8,23,29,4.524590164,3.666666667,4.512396694,3.666666667,4.527131783,4.777777778,8.285714286,68,17,0.3834586466,8,1,0.7777777778,0.03007518797,0.1503759398,0.1804511278,0.2330827068,0.2255639098,0.1578947368,0.01503759398,0.007518796992,0,0,0.4210526316,0.5639097744,0.4135338346,0.4060150376,0.1203007519,0.06015037594,0,0.2030075188,0.03759398496,0.08270676692,0.1954887218,0.007518796992,0,0.08270676692,0.1503759398,0.05263157895,0.05263157895,0,0,0.1654135338,0.2556390977,0.5338345865,0.09022556391,0,0,0,0.03007518797,0,0,0,0,0,0,0.02255639098,0,0.2481203008,0.03007518797,0.04511278195,0.03759398496,0.1127819549,0.0977443609,0.1729323308,0.1127819549,0.06766917293,0.09022556391,0.06015037594,0.1052631579,0.03759398496,0.03007518797,0.01503759398,0,0.007518796992,0.01503759398,0,0,0,0.007518796992,0.03007518797,0.007518796992,0.06015037594,0.06766917293,0.1879699248,0.05263157895,0.02255639098,0.02255639098,0.007518796992,0.007518796992,0,0.02255639098,0.01503759398,0.05263157895,0.09022556391,0.007518796992,0.007518796992,0.04511278195,0.07518796992,0.05263157895,0.02255639098,0.007518796992,0,0,0,0,0,0,0.01503759398,0,0,0.01503759398,0.01503759398,0,0.01503759398,0.01503759398,0,0.01503759398,0
ＨＯＴＥＬ金沢　兼六荘,78,1,5,-0.8,40,57,4.47826087,0,4.391304348,0,4.432432432,4,7.615384615,28,19,0.1153846154,0,1,-1,0,0.07692307692,0.141025641,0.1025641026,0.2820512821,0.3205128205,0.07692307692,0,0,0,0.5128205128,0.4743589744,0.3717948718,0.358974359,0.1282051282,0.1282051282,0.01282051282,0.2179487179,0.01282051282,0.02564102564,0.3846153846,0.01282051282,0,0.08974358974,0.0641025641,0.01282051282,0.03846153846,0,0,0.1282051282,0.02564102564,0.5,0.1025641026,0,0,0,0.03846153846,0,0,0,0,0,0,0.02564102564,0,0.1538461538,0.02564102564,0.02564102564,0.141025641,0.1794871795,0.1025641026,0.1025641026,0.0641025641,0.07692307692,0.0641025641,0.0641025641,0.08974358974,0.03846153846,0.02564102564,0,0.01282051282,0,0.01282051282,0,0.03846153846,0.01282051282,0,0.01282051282,0,0,0.02564102564,0.1538461538,0.03846153846,0.02564102564,0.03846153846,0.02564102564,0,0,0.02564102564,0.02564102564,0.05128205128,0.1282051282,0.01282051282,0.02564102564,0.01282051282,0.08974358974,0.1025641026,0.02564102564,0.01282051282,0,0,0.02564102564,0.02564102564,0,0,0,0.02564102564,0,0,0,0,0,0,0,0.01282051282,0
金沢マンテンホテル駅前,47,0,0,,60,68,4.35,,4.404761905,,4.456521739,,7.85106383,13,7,0.1276595745,0,0,,0.02127659574,0.1276595745,0.1063829787,0.1063829787,0.3829787234,0.2340425532,0.02127659574,0,0,0,0.4468085106,0.5319148936,0.4893617021,0.3404255319,0.1063829787,0.06382978723,0,0.3191489362,0.1276595745,0.1063829787,0.2340425532,0,0,0.06382978723,0.06382978723,0.04255319149,0,0,0,0.1489361702,0.2340425532,0.4680851064,0.08510638298,0,0,0,0.08510638298,0,0,0,0,0,0,0,0,0.2553191489,0.04255319149,0.02127659574,0.04255319149,0.02127659574,0.1914893617,0.1063829787,0.1276595745,0.02127659574,0.06382978723,0.1063829787,0.170212766,0.04255319149,0.04255319149,0.06382978723,0,0,0,0,0,0,0.04255319149,0,0,0.04255319149,0.08510638298,0.1489361702,0.08510638298,0.02127659574,0,0.06382978723,0,0,0.06382978723,0.02127659574,0,0.1276595745,0,0,0.04255319149,0.1063829787,0,0.02127659574,0,0,0,0.02127659574,0,0,0,0,0,0,0,0,0,0.02127659574,0,0,0.02127659574,0
ホテルマイステイズ金沢キャッスル,60,0,0,,50,69,4.283018868,,4.296296296,,4.543859649,,7.633333333,22,16,0.1,0,0,,0.03333333333,0.3333333333,0.2166666667,0.1333333333,0.2,0.08333333333,0,0,0,0,0.2666666667,0.7,0.4333333333,0.45,0.08333333333,0.03333333333,0,0.06666666667,0.2,0.2,0.25,0.03333333333,0,0.06666666667,0.06666666667,0.06666666667,0.03333333333,0,0,0.15,0.05,0.65,0,0,0,0,0.03333333333,0,0,0,0,0,0,0.01666666667,0,0.1166666667,0.06666666667,0.06666666667,0.1,0.1166666667,0.1166666667,0.1833333333,0.03333333333,0.1166666667,0.01666666667,0.05,0.06666666667,0.01666666667,0.05,0,0,0,0,0,0,0,0.01666666667,0,0,0.1166666667,0.05,0.1833333333,0.03333333333,0.03333333333,0.06666666667,0.01666666667,0,0,0,0,0,0.1,0.01666666667,0.01666666667,0.03333333333,0.08333333333,0.08333333333,0.03333333333,0,0.01666666667,0,0,0.01666666667,0,0,0,0.01666666667,0,0,0,0,0.01666666667,0,0.01666666667,0.03333333333,0
金沢蓄音器館,55,2,10,-0.8,54,52,4.679245283,5,4.641509434,5,4.666666667,4.5,8.763636364,34,3,0.5636363636,1,0,0.5,0.01818181818,0.1818181818,0.2363636364,0.1636363636,0.2727272727,0.09090909091,0.03636363636,0,0,0,0.3818181818,0.6,0.2545454545,0.2545454545,0.2181818182,0.07272727273,0.2,0.2909090909,0.05454545455,0.1090909091,0.2545454545,0,0,0.05454545455,0.01818181818,0.05454545455,0,0,0,0.1818181818,0.1272727273,0.7090909091,0.09090909091,0,0,0,0.05454545455,0,0,0,0,0,0,0.01818181818,0,0.05454545455,0.07272727273,0.01818181818,0.09090909091,0.09090909091,0.2181818182,0.1636363636,0.07272727273,0.07272727273,0.01818181818,0.01818181818,0.09090909091,0.05454545455,0.01818181818,0.03636363636,0,0,0.01818181818,0,0,0,0.03636363636,0,0.01818181818,0.1090909091,0.05454545455,0.2,0.05454545455,0,0.01818181818,0.09090909091,0.07272727273,0,0.01818181818,0,0.03636363636,0.03636363636,0.05454545455,0,0.03636363636,0.01818181818,0.03636363636,0.01818181818,0,0,0.01818181818,0,0.01818181818,0,0,0,0,0,0,0,0,0,0,0,0,0
石川県観光物産館,109,14,19,-0.2631578947,28,19,4.54,3.571428571,4.53,3.714285714,4.615384615,4.5,8.366972477,56,13,0.3944954128,6,2,0.2857142857,0.06422018349,0.119266055,0.2018348624,0.2844036697,0.1834862385,0.119266055,0.02752293578,0,0,0,0.2293577982,0.752293578,0.376146789,0.3211009174,0.09174311927,0.05504587156,0.1559633028,0.04587155963,0.03669724771,0.128440367,0.1467889908,0.01834862385,0,0.1651376147,0.01834862385,0.1559633028,0.009174311927,0.009174311927,0,0.119266055,0.2018348624,0.6788990826,0.08256880734,0,0,0,0.02752293578,0,0,0,0,0,0,0.04587155963,0,0.01834862385,0.06422018349,0.009174311927,0.07339449541,0.119266055,0.128440367,0.119266055,0.06422018349,0.04587155963,0.1100917431,0.07339449541,0.1009174312,0.009174311927,0.08256880734,0.01834862385,0,0,0,0,0.009174311927,0.009174311927,0,0.01834862385,0,0.07339449541,0.09174311927,0.1926605505,0.04587155963,0,0.05504587156,0.04587155963,0.03669724771,0,0.06422018349,0.02752293578,0.009174311927,0.03669724771,0,0.009174311927,0.01834862385,0.03669724771,0.08256880734,0.009174311927,0.009174311927,0,0,0.02752293578,0.009174311927,0,0,0.009174311927,0.009174311927,0,0.03669724771,0,0,0,0,0,0.009174311927,0
屋内木育施設 もりのひみつきち,80,3,6,-0.5,38,46,4.561643836,4.666666667,4.552631579,4.666666667,4.466666667,4.666666667,8.8,52,8,0.55,2,0,0.6666666667,0,0.0625,0.5625,0.2875,0.0375,0.0375,0.0125,0,0,0,0.2,0.775,0.1625,0.05,0.05,0.05,0.6875,0.025,0,0.025,0,0,0,0.0125,0,0.9125,0,0,0,0.2125,0.1875,0.2625,0.0375,0,0,0,0.025,0,0,0,0,0,0,0.0375,0,0,0.0375,0.0375,0.0125,0.0875,0.025,0.2,0.1375,0.125,0.05,0.0625,0.1125,0.075,0.0375,0,0,0,0,0,0,0,0,0,0,0,0,0.025,0.0375,0,0.225,0.575,0.0375,0,0.0125,0.0125,0,0,0,0.0125,0,0.025,0.0125,0.0125,0,0,0,0,0,0,0,0,0,0,0.0125,0,0,0,0,0,0,0
北陸自動車道　尼御前ＳＡ（下り）,45,3,1,2,62,47,4.368421053,4.333333333,4.405405405,4.333333333,4.578947368,5,7.8,17,7,0.2222222222,1,0,0.3333333333,0.02222222222,0.1333333333,0.2444444444,0.1777777778,0.3111111111,0.08888888889,0.02222222222,0,0,0,0.2,0.7333333333,0.3555555556,0.2888888889,0.1333333333,0.08888888889,0.1333333333,0.1111111111,0.06666666667,0.02222222222,0.2666666667,0.02222222222,0,0.08888888889,0.04444444444,0.1777777778,0.06666666667,0,0,0.1555555556,0.2444444444,0.5111111111,0.02222222222,0,0,0,0.02222222222,0,0,0,0,0,0,0.1111111111,0,0.06666666667,0,0.04444444444,0.06666666667,0.2,0.1333333333,0.1111111111,0.06666666667,0,0.06666666667,0.06666666667,0.2,0.02222222222,0.02222222222,0.02222222222,0,0,0,0,0,0,0,0,0.02222222222,0.04444444444,0,0.02222222222,0.02222222222,0,0.1333333333,0.02222222222,0.08888888889,0,0,0,0.02222222222,0.08888888889,0.04444444444,0.08888888889,0.04444444444,0.1555555556,0.08888888889,0.04444444444,0,0,0,0,0,0,0,0.02222222222,0.02222222222,0,0,0,0,0,0,0,0,0
金沢港クルーズターミナル,48,0,10,-1,58,70,4.135135135,,4.348837209,,4.590909091,,7.458333333,14,12,0.04166666667,0,0,,0,0.1458333333,0.2083333333,0.1875,0.2916666667,0.1458333333,0.02083333333,0,0,0,0.375,0.625,0.25,0.25,0.1041666667,0.08333333333,0.3125,0.1666666667,0.04166666667,0.08333333333,0.2291666667,0,0,0.04166666667,0.0625,0.1875,0,0,0,0.1041666667,0.1041666667,0.4791666667,0.04166666667,0,0,0,0.1041666667,0,0,0,0,0,0,0.08333333333,0,0.0625,0.0625,0.0625,0.125,0.1458333333,0.1041666667,0.1041666667,0.125,0.04166666667,0.02083333333,0.08333333333,0.08333333333,0.02083333333,0.02083333333,0,0.02083333333,0,0,0,0,0,0,0,0.04166666667,0,0.02083333333,0.1041666667,0.1041666667,0.04166666667,0.1458333333,0.25,0.02083333333,0,0.02083333333,0.0625,0,0.0625,0,0.02083333333,0.02083333333,0.02083333333,0,0,0.02083333333,0,0,0,0,0,0,0,0,0,0,0,0.02083333333,0,0,0,0,0
兼六駐車場,49,27,11,1.454545455,56,9,4.555555556,4.592592593,4.543478261,4.481481481,4.595744681,4.407407407,7.897959184,16,10,0.1224489796,10,5,0.1851851852,0.04081632653,0.1632653061,0.306122449,0.1224489796,0.2448979592,0.1020408163,0.02040816327,0,0,0,0.3469387755,0.6326530612,0.306122449,0.306122449,0.2040816327,0.04081632653,0.1428571429,0.1020408163,0.0612244898,0.1224489796,0.2040816327,0,0,0.08163265306,0.02040816327,0.1836734694,0,0,0,0.3265306122,0.2653061224,0.5918367347,0.1632653061,0,0,0,0,0,0,0,0,0,0,0.1224489796,0,0.04081632653,0.04081632653,0.08163265306,0.1020408163,0.08163265306,0.1020408163,0.08163265306,0.1632653061,0.0612244898,0.04081632653,0.04081632653,0.1020408163,0.02040816327,0.08163265306,0.02040816327,0,0.02040816327,0,0.02040816327,0,0,0,0.04081632653,0.04081632653,0.08163265306,0.04081632653,0.1836734694,0.0612244898,0.02040816327,0.02040816327,0.08163265306,0,0,0.02040816327,0,0,0.08163265306,0.02040816327,0.02040816327,0.04081632653,0.02040816327,0.0612244898,0,0.02040816327,0,0,0,0,0,0,0.02040816327,0,0,0.04081632653,0,0,0.02040816327,0,0,0,0
小松空港,1091,124,96,0.2916666667,1,2,4.195488722,3.274193548,4.185006046,3.435483871,4.563809524,4.306451613,7.846929423,418,231,0.1714023831,43,27,0.1290322581,0.008249312557,0.1319890009,0.19340055,0.2089825848,0.2639780018,0.1631530706,0.02749770852,0.002749770852,0,0,0.4702108158,0.4995417049,0.2639780018,0.3528872594,0.1521539872,0.1402383135,0.09074243813,0.2474793767,0.06049495875,0.09899175069,0.2337305225,0.02658111824,0.0009165902841,0.08340971586,0.06691109074,0.0925756187,0.01466544455,0,0.0009165902841,0.1503208066,0.2318973419,0.5151237397,0.06141154904,0,0,0,0.05407882676,0,0,0,0,0,0,0.03299725023,0,0.1374885426,0.0348304308,0.03758020165,0.05407882676,0.07882676444,0.09990834097,0.1319890009,0.080659945,0.07974335472,0.07974335472,0.07882676444,0.1173235564,0.05957836847,0.06691109074,0.07241063245,0.002749770852,0,0.001833180568,0.001833180568,0,0,0.01558203483,0.006416131989,0,0.0403299725,0.0751604033,0.2493125573,0.154903758,0,0.03941338222,0.08340971586,0.06324472961,0.003666361137,0.003666361137,0.002749770852,0.007332722273,0.001833180568,0.001833180568,0.0009165902841,0.005499541705,0.008249312557,0.001833180568,0.0009165902841,0,0,0.0009165902841,0.0009165902841,0,0.002749770852,0.0009165902841,0,0.003666361137,0.0009165902841,0.07882676444,0.01099908341,0.007332722273,0.01008249313,0,0.001833180568,0.005499541705,0.03024747938
ふれあい昆虫館,432,10,9,0.1111111111,8,26,4.555825243,4.8,4.586374696,4.8,4.620689655,4.8,8.506944444,234,50,0.4259259259,8,1,0.7,0.002314814815,0.0787037037,0.4282407407,0.3402777778,0.1111111111,0.03240740741,0.006944444444,0,0,0,0.3703703704,0.6018518519,0.1597222222,0.1134259259,0.05787037037,0.05787037037,0.6111111111,0.03240740741,0.02777777778,0.01851851852,0.04861111111,0.002314814815,0,0.03472222222,0.002314814815,0.7430555556,0.05092592593,0,0,0.1018518519,0.1550925926,0.2685185185,0.09259259259,0,0,0,0.04861111111,0,0,0,0,0,0,0.04398148148,0,0.009259259259,0.03009259259,0.02314814815,0.05324074074,0.1018518519,0.1111111111,0.1736111111,0.1157407407,0.08796296296,0.09259259259,0.07638888889,0.07407407407,0.02546296296,0.03472222222,0.00462962963,0.002314814815,0,0.002314814815,0,0,0.006944444444,0,0,0.006944444444,0.01157407407,0.0162037037,0.04166666667,0.02314814815,0.00462962963,0.1041666667,0.537037037,0.07407407407,0,0.01388888889,0.02083333333,0.009259259259,0.04398148148,0.002314814815,0.01388888889,0.00462962963,0.02546296296,0.0162037037,0.002314814815,0,0,0,0,0.002314814815,0,0.002314814815,0,0,0,0.002314814815,0,0,0,0,0,0,0.00462962963
いしかわ動物園,330,19,27,-0.2962962963,11,12,4.417241379,3.631578947,4.475570033,3.631578947,4.484848485,4.157894737,8.551515152,180,32,0.4484848485,7,5,0.1052631579,0.01212121212,0.1,0.3575757576,0.3121212121,0.103030303,0.07878787879,0.03333333333,0.00303030303,0,0,0.3818181818,0.603030303,0.2393939394,0.1212121212,0.0303030303,0.04848484848,0.5606060606,0.06666666667,0.103030303,0.03333333333,0.09393939394,0.00303030303,0.00303030303,0.04848484848,0.006060606061,0.5424242424,0.05151515152,0,0,0.1121212121,0.1878787879,0.2878787879,0.04242424242,0,0,0,0.01212121212,0,0,0,0,0,0,0.02727272727,0,0.01212121212,0.03333333333,0.07272727273,0.0696969697,0.1272727273,0.1424242424,0.1393939394,0.08787878788,0.08787878788,0.05757575758,0.06363636364,0.06666666667,0.02424242424,0.02727272727,0.006060606061,0,0,0.00303030303,0.00303030303,0,0,0.006060606061,0,0.006060606061,0.01818181818,0.009090909091,0.04848484848,0.02727272727,0.01212121212,0.1181818182,0.4060606061,0.1424242424,0,0.00303030303,0.02424242424,0.006060606061,0.05151515152,0.009090909091,0.01212121212,0.009090909091,0.04242424242,0.02121212121,0,0,0.00303030303,0,0,0,0,0,0.00303030303,0.00303030303,0,0.00303030303,0,0,0,0.00303030303,0,0,0
航空プラザ,145,7,5,0.4,22,34,4.569230769,3.142857143,4.626865672,3.285714286,4.605769231,3.285714286,8.448275862,79,17,0.4275862069,3,2,0.1428571429,0.01379310345,0.1103448276,0.3724137931,0.2965517241,0.1310344828,0.07586206897,0,0,0,0,0.3448275862,0.6206896552,0.2551724138,0.2206896552,0.1034482759,0.06896551724,0.3517241379,0.04827586207,0.0275862069,0.04827586207,0.07586206897,0.01379310345,0.006896551724,0.08965517241,0.006896551724,0.6206896552,0.01379310345,0,0,0.1793103448,0.2413793103,0.3379310345,0.0275862069,0,0,0,0.05517241379,0,0,0,0,0,0,0.04827586207,0,0.02068965517,0.03448275862,0.04827586207,0.05517241379,0.09655172414,0.09655172414,0.1655172414,0.1103448276,0.1172413793,0.04137931034,0.05517241379,0.04137931034,0.08275862069,0.05517241379,0.006896551724,0,0,0,0,0,0.006896551724,0.006896551724,0.01379310345,0.01379310345,0,0.01379310345,0.05517241379,0.06896551724,0.006896551724,0.09655172414,0.2482758621,0.1103448276,0.006896551724,0.02068965517,0.0275862069,0.006896551724,0.01379310345,0.03448275862,0.03448275862,0.04137931034,0.1103448276,0.03448275862,0,0,0.006896551724,0,0,0.006896551724,0,0,0,0,0,0,0,0,0,0,0.006896551724,0,0
日本自動車博物館,67,11,12,-0.08333333333,45,25,4.483333333,4,4.476190476,4.090909091,4.580645161,4.090909091,8.208955224,34,11,0.3432835821,6,3,0.2727272727,0.02985074627,0.08955223881,0.2537313433,0.223880597,0.3432835821,0.05970149254,0,0,0,0,0.3432835821,0.6417910448,0.2835820896,0.328358209,0.07462686567,0.07462686567,0.2388059701,0.07462686567,0.1343283582,0.0447761194,0.1492537313,0.02985074627,0,0.08955223881,0.02985074627,0.2835820896,0.01492537313,0,0,0.223880597,0.3731343284,0.5223880597,0.02985074627,0,0,0,0.02985074627,0,0,0,0,0,0,0.1791044776,0,0.02985074627,0.0447761194,0.0447761194,0.01492537313,0.1343283582,0.08955223881,0.1044776119,0.07462686567,0.1343283582,0.1194029851,0.1343283582,0.0447761194,0.02985074627,0.02985074627,0.01492537313,0.01492537313,0,0.01492537313,0.01492537313,0,0,0.01492537313,0,0.01492537313,0.02985074627,0.07462686567,0.0447761194,0.02985074627,0,0.02985074627,0.1044776119,0.07462686567,0,0,0.02985074627,0.0447761194,0.05970149254,0.05970149254,0.05970149254,0.01492537313,0.1044776119,0.1044776119,0,0,0,0,0,0.01492537313,0,0,0,0,0,0.02985074627,0,0,0,0,0,0,0
「安宅の関」こまつ勧進帳の里,80,1,3,-0.6666666667,39,58,4.2,4,4.257142857,4,4.361702128,5,7.75,31,19,0.15,1,0,1,0,0.075,0.1375,0.225,0.3875,0.15,0.025,0,0,0,0.3375,0.65,0.325,0.1875,0.0375,0.1,0.35,0.1125,0.025,0.1125,0.275,0,0,0.225,0.025,0.1,0.025,0,0,0.1125,0.3375,0.475,0.1125,0,0,0,0.0625,0,0,0,0,0,0,0.1375,0,0.025,0.0375,0.0375,0.1,0.1375,0.15,0.1125,0.025,0.0875,0.0625,0.075,0.075,0.05,0.05,0,0,0,0,0,0,0.0125,0.0125,0,0,0.025,0.0375,0.075,0.05,0.0125,0.0125,0.4125,0.075,0,0.025,0,0,0.1125,0.025,0.0125,0,0.0625,0.0125,0.0125,0,0,0,0,0,0,0,0,0,0,0,0,0.0125,0,0,0,0,0
加賀伝統工芸村　ゆのくにの森,248,9,6,0.5,14,30,4.482905983,3.444444444,4.484978541,3,4.599056604,4,8.133064516,114,41,0.2943548387,2,3,-0.1111111111,0.06048387097,0.1491935484,0.25,0.2701612903,0.1451612903,0.08870967742,0.03225806452,0.004032258065,0,0,0.3911290323,0.5766129032,0.4717741935,0.2540322581,0.05241935484,0.0564516129,0.1653225806,0.01612903226,0.02822580645,0.1169354839,0.1532258065,0.02822580645,0.004032258065,0.1653225806,0.008064516129,0.3185483871,0.02822580645,0,0,0.3427419355,0.4758064516,0.4233870968,0.06048387097,0,0,0,0.02419354839,0,0,0,0,0,0,0.01209677419,0,0.01209677419,0.04435483871,0.04435483871,0.06048387097,0.08467741935,0.125,0.1008064516,0.1290322581,0.09274193548,0.05241935484,0.08064516129,0.09274193548,0.04435483871,0.04838709677,0.008064516129,0,0,0,0,0,0,0.03225806452,0,0,0.02016129032,0.04838709677,0.08467741935,0.03629032258,0.01612903226,0.08870967742,0.1209677419,0.03629032258,0,0,0.04032258065,0.008064516129,0.1169354839,0.03629032258,0.03629032258,0.04032258065,0.08467741935,0.0685483871,0.04032258065,0.02016129032,0,0,0.004032258065,0.004032258065,0,0,0,0,0,0.008064516129,0,0,0,0,0,0,0
小松市観光交流センター Komatsu九,263,18,25,-0.28,13,15,4.413461538,3.611111111,4.393518519,4,4.514150943,4.444444444,7.996197719,109,49,0.2281368821,11,5,0.3333333333,0.01140684411,0.102661597,0.2281368821,0.247148289,0.2737642586,0.1102661597,0.02661596958,0,0,0,0.36121673,0.608365019,0.2775665399,0.2775665399,0.1216730038,0.09505703422,0.2281368821,0.3460076046,0.07224334601,0.09885931559,0.174904943,0.01140684411,0,0.07984790875,0.03422053232,0.09885931559,0.007604562738,0,0,0.1292775665,0.2547528517,0.3802281369,0.03041825095,0,0,0,0.1178707224,0,0,0,0,0,0,0.01901140684,0,0.09885931559,0.04182509506,0.02661596958,0.06463878327,0.1254752852,0.09125475285,0.1330798479,0.09125475285,0.1178707224,0.07604562738,0.0608365019,0.06844106464,0.03802281369,0.06463878327,0.02661596958,0,0,0,0,0.003802281369,0,0.01901140684,0.007604562738,0.003802281369,0.05703422053,0.02281368821,0.1482889734,0.09885931559,0.01140684411,0.01520912548,0.102661597,0.03802281369,0.003802281369,0.01140684411,0.02281368821,0.003802281369,0.09125475285,0.01901140684,0.01520912548,0.03422053232,0.09125475285,0.06463878327,0.01140684411,0,0,0,0.01520912548,0.003802281369,0.003802281369,0.003802281369,0.003802281369,0.01140684411,0.003802281369,0.01140684411,0.003802281369,0,0,0,0.003802281369,0,0.01140684411
たちばな四季亭,189,1,1,0,18,59,4.578313253,4,4.623529412,4,4.591836735,5,8.322751323,100,28,0.380952381,0,1,-1,0,0.0582010582,0.2486772487,0.126984127,0.2328042328,0.2645502646,0.06878306878,0,0,0,0.3544973545,0.6137566138,0.6825396825,0.1904761905,0.08994708995,0.02645502646,0.01058201058,0.005291005291,0.07407407407,0.07407407407,0.3968253968,0,0.005291005291,0.1851851852,0.01587301587,0.1005291005,0.01587301587,0,0,0.7619047619,0.7989417989,0.6984126984,0.07407407407,0,0,0,0,0,0,0,0,0,0,0.01058201058,0,0.02116402116,0.03174603175,0.06349206349,0.06878306878,0.07407407407,0.09523809524,0.1216931217,0.03703703704,0.09523809524,0.05291005291,0.04761904762,0.1322751323,0.04232804233,0.1375661376,0.01587301587,0,0,0,0,0,0,0.01587301587,0,0,0.0582010582,0,0.07407407407,0.04232804233,0.005291005291,0.1005291005,0.1534391534,0.06349206349,0,0.005291005291,0.03174603175,0.02116402116,0.08994708995,0,0.03174603175,0.0582010582,0.1164021164,0.07936507937,0.01058201058,0.005291005291,0,0,0.005291005291,0.005291005291,0,0,0.005291005291,0,0,0,0,0,0,0,0,0.005291005291,0
湖畔の宿　森本,65,0,3,-1,47,71,4.610169492,,4.593220339,,4.588235294,,8.430769231,35,8,0.4153846154,0,0,,0,0.1230769231,0.3692307692,0.1846153846,0.1538461538,0.1692307692,0,0,0,0,0.3846153846,0.5692307692,0.7384615385,0.1538461538,0.09230769231,0.01538461538,0,0.01538461538,0.1384615385,0.09230769231,0.4307692308,0,0,0.1384615385,0.01538461538,0.1076923077,0,0,0,0.6461538462,0.8307692308,0.7230769231,0.1230769231,0,0,0,0,0,0,0,0,0,0,0.04615384615,0,0.03076923077,0.06153846154,0.03076923077,0.01538461538,0.1384615385,0.1076923077,0.1076923077,0.09230769231,0.1076923077,0.04615384615,0.03076923077,0.1230769231,0.09230769231,0.04615384615,0,0.01538461538,0,0.01538461538,0,0,0,0.01538461538,0,0.01538461538,0.01538461538,0.01538461538,0.09230769231,0.1230769231,0.01538461538,0.04615384615,0.1230769231,0.03076923077,0,0.01538461538,0,0,0.07692307692,0,0.03076923077,0.04615384615,0.2461538462,0.01538461538,0.03076923077,0,0,0,0,0,0,0.01538461538,0,0,0,0,0,0,0,0,0,0,0
ゆのくに天祥,125,33,38,-0.1315789474,24,7,4.530434783,4.151515152,4.582608696,4.424242424,4.628099174,4.727272727,8.656,70,11,0.472,20,3,0.5151515152,0.032,0.232,0.2,0.2,0.2,0.12,0.016,0,0,0,0.416,0.568,0.592,0.296,0.064,0.04,0.008,0.016,0.056,0.136,0.192,0.056,0.008,0.168,0.048,0.2,0.016,0,0,0.584,0.768,0.544,0.032,0,0,0,0.008,0,0,0,0,0,0,0.016,0,0.032,0.016,0.032,0.064,0.112,0.136,0.112,0.088,0.144,0.072,0.056,0.104,0.032,0.032,0.032,0,0.008,0,0,0,0,0.024,0,0,0.024,0.032,0.16,0.032,0.024,0.056,0.064,0.016,0,0.008,0.056,0,0.12,0.008,0.024,0.04,0.112,0.04,0.016,0.024,0,0,0,0.016,0,0,0.016,0.008,0,0.016,0,0.008,0,0,0.016,0,0
変なホテル　小松駅前,59,2,4,-0.5,52,53,4.44,2,4.571428571,2,4.4,4.5,8.389830508,30,6,0.406779661,0,1,-0.5,0,0.08474576271,0.1694915254,0.3728813559,0.2372881356,0.1016949153,0.01694915254,0.01694915254,0,0,0.7118644068,0.2033898305,0.5762711864,0.2033898305,0.06779661017,0.1525423729,0,0.3728813559,0.05084745763,0.05084745763,0.08474576271,0.01694915254,0,0.03389830508,0.2033898305,0.06779661017,0.01694915254,0,0,0.1016949153,0.01694915254,0.186440678,0.01694915254,0,0,0,0.06779661017,0,0,0,0,0,0,0,0,0.4406779661,0.01694915254,0.01694915254,0.03389830508,0.03389830508,0.08474576271,0.2033898305,0.08474576271,0.03389830508,0.1186440678,0.06779661017,0.186440678,0.08474576271,0.03389830508,0,0,0.01694915254,0,0,0,0,0.01694915254,0.05084745763,0,0.03389830508,0.05084745763,0.08474576271,0.1016949153,0.01694915254,0.05084745763,0.05084745763,0.08474576271,0,0,0,0.01694915254,0.05084745763,0,0,0.1186440678,0.06779661017,0.1016949153,0,0,0,0.01694915254,0,0.01694915254,0.01694915254,0,0,0,0,0.01694915254,0,0,0,0.01694915254,0,0,0
温泉めい想倶楽部　富士屋旅館,82,1,0,,37,60,4.366666667,4,4.266666667,4,4.533333333,5,7.353658537,25,26,-0.01219512195,1,0,1,0.01219512195,0.1829268293,0.2804878049,0.1341463415,0.2195121951,0.1219512195,0.0243902439,0.0243902439,0,0,0.4268292683,0.5731707317,0.6341463415,0.2804878049,0.06097560976,0.0243902439,0,0.0243902439,0.1829268293,0.09756097561,0.3170731707,0.0487804878,0,0.1219512195,0,0.1341463415,0.0243902439,0,0,0.5731707317,0.8414634146,0.6951219512,0.07317073171,0,0,0,0,0,0,0,0,0,0,0.01219512195,0,0,0.0243902439,0.0243902439,0.0487804878,0.09756097561,0.1707317073,0.1707317073,0.09756097561,0.06097560976,0.06097560976,0.1097560976,0.07317073171,0.0243902439,0.03658536585,0,0,0,0,0,0,0,0,0,0.01219512195,0.0487804878,0.06097560976,0.1097560976,0.03658536585,0,0.03658536585,0.1707317073,0.03658536585,0.01219512195,0.0243902439,0.06097560976,0.01219512195,0.08536585366,0.03658536585,0.01219512195,0.0243902439,0.1097560976,0.07317073171,0,0,0,0.01219512195,0.01219512195,0,0,0,0.01219512195,0,0,0,0,0,0,0,0,0,0
白峰温泉総湯,47,6,6,0,61,37,4.613636364,4,4.604651163,3.833333333,4.585365854,4,8.85106383,30,4,0.5531914894,3,1,0.3333333333,0,0.08510638298,0.1489361702,0.1914893617,0.3829787234,0.170212766,0.02127659574,0,0,0,0.4468085106,0.5319148936,0.2340425532,0.1489361702,0.04255319149,0.02127659574,0.5531914894,0.1489361702,0.04255319149,0.2978723404,0.2765957447,0.04255319149,0,0.08510638298,0,0.06382978723,0,0,0,0.1489361702,0.7234042553,0.3617021277,0.02127659574,0,0,0,0.02127659574,0,0,0,0,0,0,0.06382978723,0,0.04255319149,0.04255319149,0.02127659574,0.06382978723,0.1063829787,0.08510638298,0.1276595745,0.1063829787,0.08510638298,0.1276595745,0.02127659574,0.1276595745,0.04255319149,0.04255319149,0.02127659574,0,0,0,0,0,0,0.02127659574,0,0.02127659574,0,0,0.06382978723,0.02127659574,0,0,0.2553191489,0.2765957447,0,0.02127659574,0.02127659574,0,0.08510638298,0,0.02127659574,0,0.08510638298,0.06382978723,0,0,0,0,0,0,0,0,0,0,0,0,0,0,0,0,0,0.02127659574,0
道の駅めぐみ白山,49,7,3,1.333333333,57,35,4.441860465,4,4.590909091,4.142857143,4.545454545,4.857142857,8.020408163,27,11,0.3265306122,4,2,0.2857142857,0,0.1428571429,0.1836734694,0.306122449,0.2040816327,0.1428571429,0.02040816327,0,0,0,0.2653061224,0.6530612245,0.2244897959,0.2653061224,0.08163265306,0.1836734694,0.2448979592,0.2448979592,0.0612244898,0.02040816327,0.306122449,0,0,0.08163265306,0,0.2244897959,0.04081632653,0,0,0.08163265306,0.2448979592,0.4693877551,0.04081632653,0,0,0,0.2040816327,0,0,0,0,0,0,0.1428571429,0,0.0612244898,0.04081632653,0.04081632653,0.1224489796,0.1224489796,0.1224489796,0.1020408163,0.1428571429,0.08163265306,0.0612244898,0.0612244898,0.08163265306,0,0.02040816327,0.04081632653,0,0,0,0,0,0,0,0,0,0.02040816327,0.02040816327,0.1020408163,0.02040816327,0.02040816327,0.08163265306,0.1020408163,0.04081632653,0,0,0.04081632653,0.04081632653,0.1224489796,0.04081632653,0,0.02040816327,0.0612244898,0.08163265306,0,0,0.02040816327,0,0.04081632653,0.04081632653,0,0,0,0,0,0.02040816327,0,0,0,0.02040816327,0,0,0
大江戸温泉物語Premium よしのや依緑園,68,3,9,-0.6666666667,44,48,4.459016393,4.666666667,4.46031746,4.333333333,4.538461538,4.666666667,8.088235294,38,12,0.3823529412,2,0,0.6666666667,0,0.05882352941,0.1029411765,0.2647058824,0.2205882353,0.2205882353,0.1323529412,0,0,0,0.3676470588,0.5882352941,0.7941176471,0.1323529412,0.04411764706,0.02941176471,0,0.1617647059,0,0.07352941176,0.3529411765,0.01470588235,0.01470588235,0.1029411765,0.01470588235,0.1029411765,0.07352941176,0,0,0.6470588235,0.7794117647,0.4852941176,0.01470588235,0,0,0,0,0,0,0,0,0,0,0,0,0,0,0.08823529412,0.07352941176,0.1176470588,0.07352941176,0.08823529412,0.1176470588,0.1176470588,0.1029411765,0.05882352941,0.07352941176,0.02941176471,0.05882352941,0.01470588235,0,0,0,0,0,0.01470588235,0,0.01470588235,0,0.01470588235,0,0.02941176471,0.01470588235,0,0.02941176471,0.08823529412,0.05882352941,0,0,0.08823529412,0.01470588235,0.1176470588,0.01470588235,0.04411764706,0.02941176471,0.2205882353,0.07352941176,0.07352941176,0.01470588235,0,0,0,0,0,0,0,0.01470588235,0,0.01470588235,0,0,0,0,0,0,0
月うさぎの里,39,3,0,,66,49,4.351351351,4.333333333,4.424242424,4,4.421052632,4,7.769230769,16,10,0.1538461538,2,0,0.6666666667,0.02564102564,0.1025641026,0.4102564103,0.1794871795,0.1538461538,0.1282051282,0,0,0,0,0.2820512821,0.6923076923,0.5128205128,0.1025641026,0.1538461538,0.05128205128,0.1794871795,0.07692307692,0.07692307692,0,0.2564102564,0.02564102564,0,0.05128205128,0,0.358974359,0.07692307692,0,0,0.4358974359,0.5128205128,0.4358974359,0.07692307692,0,0,0,0.02564102564,0,0,0,0,0,0,0.07692307692,0,0.05128205128,0,0.02564102564,0.02564102564,0.1794871795,0.2051282051,0.1794871795,0.1025641026,0.05128205128,0.02564102564,0.1025641026,0.05128205128,0,0.05128205128,0,0,0,0,0,0,0,0,0,0,0,0,0.1025641026,0.02564102564,0,0.02564102564,0.1282051282,0.05128205128,0,0,0.1282051282,0,0.1282051282,0.07692307692,0,0.02564102564,0.1538461538,0.07692307692,0.05128205128,0,0,0,0,0,0,0.02564102564,0,0,0,0,0,0,0,0,0,0,0
山代温泉　総湯,78,19,6,2.166666667,41,13,4.507246377,4.105263158,4.52173913,4.157894737,4.545454545,4.631578947,8.064102564,33,11,0.2820512821,8,3,0.2631578947,0.01282051282,0.1923076923,0.2307692308,0.141025641,0.2564102564,0.1025641026,0.0641025641,0,0,0,0.4102564103,0.5641025641,0.3717948718,0.2564102564,0.05128205128,0.1025641026,0.2179487179,0.1794871795,0.1153846154,0.05128205128,0.2435897436,0.01282051282,0,0.1025641026,0.01282051282,0.141025641,0,0,0,0.3974358974,0.6923076923,0.6282051282,0.05128205128,0,0,0,0.02564102564,0,0,0,0,0,0,0.02564102564,0,0.02564102564,0.01282051282,0.03846153846,0.1025641026,0.141025641,0.141025641,0.07692307692,0.05128205128,0.08974358974,0.07692307692,0.0641025641,0.08974358974,0.0641025641,0.05128205128,0.01282051282,0,0,0.01282051282,0,0,0,0.01282051282,0,0,0.0641025641,0.0641025641,0.08974358974,0.08974358974,0.02564102564,0.03846153846,0.05128205128,0.0641025641,0,0,0.07692307692,0.01282051282,0.1025641026,0,0.03846153846,0.07692307692,0.07692307692,0.02564102564,0,0,0.01282051282,0.01282051282,0,0,0,0,0,0.02564102564,0,0.01282051282,0,0,0,0,0,0,0
ポイントバケーション加賀山中,213,12,10,0.2,15,21,4.37037037,3.5,4.397905759,3.166666667,4.395121951,4,8.014084507,89,33,0.2629107981,3,1,0.1666666667,0,0.01877934272,0.05164319249,0.04694835681,0.20657277,0.5211267606,0.1549295775,0,0,0,0.5070422535,0.4272300469,0.2582159624,0.4272300469,0.2159624413,0.0985915493,0,0.0234741784,0.009389671362,0.05633802817,0.6009389671,0,0.009389671362,0.08450704225,0.004694835681,0.08920187793,0.01877934272,0,0,0.5070422535,0.7558685446,0.5633802817,0.117370892,0,0,0,0.02816901408,0,0,0,0,0,0,0.06572769953,0,0.004694835681,0.04225352113,0.02816901408,0.07511737089,0.07981220657,0.1830985915,0.1267605634,0.08920187793,0.08450704225,0.04694835681,0.07042253521,0.1267605634,0.01877934272,0.02816901408,0,0,0,0,0,0,0,0.01408450704,0,0.004694835681,0.0234741784,0.03755868545,0.06103286385,0.04694835681,0,0.009389671362,0.01877934272,0.01877934272,0.004694835681,0.01408450704,0.0234741784,0.009389671362,0.117370892,0.04694835681,0.06572769953,0.07511737089,0.20657277,0.1079812207,0.03755868545,0.004694835681,0,0,0.01408450704,0.02816901408,0,0,0,0.004694835681,0,0,0,0,0.004694835681,0,0,0,0
湯快リゾート 縁起の宿 矢田屋松濤園,33,0,0,,76,72,4.606060606,,4.5625,,4.575757576,,9.03030303,21,0,0.6363636364,0,0,,0,0.09090909091,0.1515151515,0.1818181818,0.3636363636,0.2121212121,0,0,0,0,0.4242424242,0.5757575758,0.6666666667,0.303030303,0.0303030303,0,0,0.0303030303,0,0,0.3939393939,0,0,0.3333333333,0,0.06060606061,0,0,0,0.7575757576,0.7272727273,0.6363636364,0.09090909091,0,0,0,0.06060606061,0,0,0,0,0,0,0,0,0,0,0,0,0.1515151515,0.0303030303,0.09090909091,0.2424242424,0.1212121212,0.1212121212,0.0303030303,0.1515151515,0.0303030303,0.0303030303,0,0,0,0.0303030303,0,0,0,0,0,0,0,0,0.06060606061,0.0303030303,0.0303030303,0.09090909091,0.0303030303,0.0303030303,0,0,0,0,0.2424242424,0,0,0,0.303030303,0.09090909091,0.0303030303,0.0303030303,0,0,0,0,0,0,0,0,0,0,0,0,0,0,0,0,0
法師旅館,189,19,15,0.2666666667,19,14,4.424242424,3.684210526,4.414201183,4.315789474,4.456521739,4.421052632,8.116402116,90,29,0.3227513228,7,3,0.2105263158,0.005291005291,0.1481481481,0.1693121693,0.1587301587,0.2169312169,0.2328042328,0.06878306878,0,0,0,0.3492063492,0.619047619,0.5925925926,0.2063492063,0.09523809524,0.09523809524,0.01058201058,0.02645502646,0.08465608466,0.08994708995,0.4126984127,0.01058201058,0.01058201058,0.1428571429,0.01058201058,0.1005291005,0.005291005291,0,0,0.6296296296,0.8412698413,0.5555555556,0.07407407407,0,0,0,0.01587301587,0,0,0,0,0,0,0.03174603175,0,0.01058201058,0.02116402116,0.0582010582,0.1058201058,0.1058201058,0.1164021164,0.1111111111,0.07407407407,0.126984127,0.04232804233,0.03703703704,0.08994708995,0.03703703704,0.07407407407,0.005291005291,0,0,0.005291005291,0,0,0.005291005291,0.005291005291,0.005291005291,0.01058201058,0.01587301587,0.02116402116,0.126984127,0.05291005291,0.01058201058,0.1164021164,0.07407407407,0.04232804233,0,0,0.02116402116,0.02645502646,0.1111111111,0.01587301587,0.01587301587,0.03703703704,0.1216931217,0.07936507937,0.01587301587,0.005291005291,0.005291005291,0,0.02116402116,0.005291005291,0.005291005291,0,0.005291005291,0,0.005291005291,0,0,0,0,0,0,0,0.005291005291
スーパーホテル石川・能美根上スマートインター,34,0,0,,73,73,4.7,,4.625,,4.515151515,,8.235294118,18,6,0.3529411765,0,0,,0.02941176471,0.02941176471,0.1764705882,0.1176470588,0.4705882353,0.1176470588,0,0.05882352941,0,0,0.4411764706,0.5588235294,0.4705882353,0.2941176471,0.08823529412,0.1470588235,0,0.2058823529,0.08823529412,0,0.2647058824,0,0,0.1176470588,0.08823529412,0.08823529412,0,0,0,0.1470588235,0.1764705882,0.2352941176,0,0,0,0,0.02941176471,0,0,0,0,0,0,0.08823529412,0,0.3235294118,0,0.08823529412,0.02941176471,0.02941176471,0.2352941176,0.1470588235,0.1470588235,0.02941176471,0.1176470588,0.02941176471,0.05882352941,0.02941176471,0.05882352941,0,0,0,0,0,0,0,0,0.05882352941,0,0.02941176471,0.05882352941,0,0.05882352941,0,0,0.08823529412,0,0,0.02941176471,0.02941176471,0.05882352941,0.1764705882,0,0.08823529412,0.05882352941,0.1470588235,0.08823529412,0,0,0,0,0,0,0,0.02941176471,0,0,0,0,0,0,0,0,0,0,0
お花見久兵衛,35,0,0,,69,74,4.4375,,4.5,,4.470588235,,8.028571429,19,7,0.3428571429,0,0,,0,0.1142857143,0.2571428571,0.1714285714,0.1714285714,0.2,0.08571428571,0,0,0,0.3428571429,0.6571428571,0.6,0.2,0.1428571429,0,0.05714285714,0.02857142857,0.08571428571,0.1142857143,0.2,0,0,0.2,0,0.3142857143,0.02857142857,0,0,0.7142857143,0.8285714286,0.5714285714,0.1714285714,0,0,0,0,0,0,0,0,0,0,0,0,0,0,0.02857142857,0.05714285714,0.1428571429,0.1142857143,0.2,0.08571428571,0.02857142857,0.1142857143,0.02857142857,0.1428571429,0.02857142857,0.02857142857,0,0,0,0.02857142857,0,0,0,0,0,0,0,0.05714285714,0.05714285714,0.02857142857,0,0.2571428571,0.05714285714,0.1142857143,0,0,0.02857142857,0.02857142857,0.1142857143,0,0.08571428571,0.02857142857,0.05714285714,0.02857142857,0,0,0,0.02857142857,0,0,0,0,0,0,0,0,0,0,0,0,0,0,0
加賀市観光情報センター　KAGA旅・まちネット,36,13,3,3.333333333,68,20,4.333333333,3.230769231,4.275862069,3.461538462,4.472222222,4.461538462,7.666666667,14,9,0.1388888889,5,4,0.07692307692,0,0.1388888889,0.2222222222,0.3611111111,0.1944444444,0.02777777778,0.05555555556,0,0,0,0.3055555556,0.6944444444,0.5555555556,0.2222222222,0.08333333333,0.1111111111,0.02777777778,0.1388888889,0.3055555556,0,0.1388888889,0,0,0.1944444444,0.02777777778,0.1944444444,0,0,0,0.6666666667,0.6666666667,0.6388888889,0.02777777778,0,0,0,0.02777777778,0,0,0,0,0,0,0.02777777778,0,0.02777777778,0.05555555556,0,0.08333333333,0.1388888889,0.05555555556,0.1666666667,0.05555555556,0.08333333333,0.02777777778,0.02777777778,0.1111111111,0.1111111111,0.08333333333,0,0.05555555556,0,0,0,0,0,0.02777777778,0,0,0.02777777778,0.02777777778,0.2222222222,0.05555555556,0,0.02777777778,0.05555555556,0.02777777778,0,0.05555555556,0.05555555556,0,0.05555555556,0,0,0.02777777778,0.1666666667,0.05555555556,0.05555555556,0,0,0,0,0,0,0,0,0,0,0,0,0,0,0,0,0,0
九谷セラミック・ラボラトリー（CERABO KUTANI）,38,6,4,0.5,67,38,4.583333333,4.666666667,4.714285714,4.666666667,4.710526316,4.833333333,8.605263158,19,4,0.3947368421,2,0,0.3333333333,0.05263157895,0.2894736842,0.2105263158,0.2631578947,0.1842105263,0,0,0,0,0,0.3947368421,0.6052631579,0.5263157895,0.2368421053,0.02631578947,0.1052631579,0.1052631579,0.05263157895,0.1315789474,0.2368421053,0.05263157895,0.07894736842,0,0.07894736842,0.1842105263,0.07894736842,0,0,0,0.2368421053,0.5789473684,0.5789473684,0,0,0,0,0.02631578947,0,0,0,0,0,0,0.05263157895,0,0.07894736842,0.05263157895,0.02631578947,0.1052631579,0.1578947368,0.05263157895,0.07894736842,0.07894736842,0.1052631579,0.02631578947,0.1052631579,0.1052631579,0.02631578947,0.07894736842,0.02631578947,0,0,0,0,0,0,0,0,0,0.02631578947,0.2894736842,0.1315789474,0.07894736842,0,0.02631578947,0.1578947368,0,0,0,0,0,0,0,0.07894736842,0.05263157895,0.05263157895,0,0,0,0,0,0.05263157895,0,0,0,0,0,0,0,0,0,0,0,0,0,0.02631578947
トレインパーク白山,270,52,55,-0.05454545455,12,4,4.512396694,4.019230769,4.509881423,4.076923077,4.53515625,4.269230769,8.251851852,123,31,0.3407407407,25,4,0.4038461538,0.01481481481,0.09259259259,0.4259259259,0.2851851852,0.1074074074,0.06666666667,0.007407407407,0,0,0,0.4481481481,0.537037037,0.2185185185,0.162962963,0.08888888889,0.1148148148,0.4148148148,0.08148148148,0.04074074074,0.01851851852,0.06296296296,0.01111111111,0,0.05185185185,0.007407407407,0.6777777778,0,0,0,0.1074074074,0.1259259259,0.2962962963,0.02222222222,0,0,0,0.06296296296,0,0,0,0,0,0,0.04814814815,0,0.02592592593,0.02222222222,0.02592592593,0.05185185185,0.08888888889,0.1407407407,0.1444444444,0.1185185185,0.1185185185,0.07407407407,0.07037037037,0.07407407407,0.01851851852,0.05185185185,0.003703703704,0,0,0.007407407407,0,0.003703703704,0,0,0.01111111111,0,0.02962962963,0.01851851852,0.1111111111,0.03703703704,0.007407407407,0.1185185185,0.2481481481,0.08888888889,0,0.01481481481,0.02592592593,0.007407407407,0.08518518519,0,0.01851851852,0.02222222222,0.05185185185,0.05185185185,0.01481481481,0,0,0.007407407407,0.003703703704,0.003703703704,0,0,0,0,0,0.003703703704,0.003703703704,0,0,0,0,0,0
のとや,34,12,10,0.2,74,22,4.6,3.416666667,4.566666667,3.083333333,4.5,4.416666667,8.147058824,16,6,0.2941176471,5,4,0.08333333333,0.1176470588,0,0.1470588235,0.1176470588,0.4411764706,0.1764705882,0,0,0,0,0.2647058824,0.6470588235,0.6176470588,0.2941176471,0.05882352941,0.02941176471,0,0,0.05882352941,0.02941176471,0.5,0.1470588235,0,0.1176470588,0,0.08823529412,0,0,0,0.6176470588,0.8235294118,0.5882352941,0,0,0,0,0.02941176471,0,0,0,0,0,0,0,0,0,0.05882352941,0.08823529412,0.08823529412,0.1470588235,0.05882352941,0.05882352941,0.02941176471,0.02941176471,0.05882352941,0.08823529412,0.1470588235,0.05882352941,0.08823529412,0,0,0,0,0.02941176471,0,0,0,0,0,0,0,0.05882352941,0,0.02941176471,0.1176470588,0.1176470588,0,0,0,0.05882352941,0,0.1176470588,0.05882352941,0,0.08823529412,0.1764705882,0.05882352941,0,0,0,0,0.02941176471,0.05882352941,0,0,0,0,0,0,0,0,0,0,0,0,0
大江戸温泉物語Premium 山中グランドホテル,60,36,24,0.5,51,6,4.406779661,4.416666667,4.396551724,4.388888889,4.474576271,4.5,8.15,26,8,0.3,16,3,0.3611111111,0.01666666667,0.01666666667,0.25,0.1666666667,0.2,0.2666666667,0.08333333333,0,0,0,0.4333333333,0.55,0.8,0.15,0,0.01666666667,0.03333333333,0.06666666667,0.01666666667,0.1166666667,0.3,0,0,0.03333333333,0,0.2833333333,0,0,0,0.6666666667,0.75,0.4,0.03333333333,0,0,0,0,0,0,0,0,0,0,0.01666666667,0,0.01666666667,0.05,0.05,0.1,0.1333333333,0.1,0.05,0.1166666667,0.08333333333,0.1166666667,0.06666666667,0.03333333333,0.05,0.05,0,0,0,0,0,0,0,0,0,0,0,0.05,0.01666666667,0,0,0.2,0.1666666667,0.15,0,0.01666666667,0.01666666667,0,0.1166666667,0.01666666667,0.05,0.03333333333,0.1166666667,0.05,0,0,0,0,0,0,0,0,0,0,0,0,0,0,0,0,0,0,0
大江戸温泉物語Premium 山下家,91,60,31,0.935483871,32,3,4.4,3.6,4.415584416,3.4,4.409090909,4.15,8.098901099,39,13,0.2857142857,19,11,0.1333333333,0.03296703297,0.0989010989,0.1428571429,0.1538461538,0.2087912088,0.2527472527,0.0989010989,0.01098901099,0,0,0.4725274725,0.5164835165,0.7692307692,0.1318681319,0.03296703297,0.01098901099,0.05494505495,0.04395604396,0.02197802198,0.1538461538,0.3406593407,0.03296703297,0.01098901099,0.1758241758,0,0.1208791209,0,0,0,0.7252747253,0.7252747253,0.3846153846,0.02197802198,0,0,0,0,0,0,0,0,0,0,0.02197802198,0,0.01098901099,0,0.05494505495,0.1428571429,0.1318681319,0.0989010989,0.1208791209,0.1208791209,0.06593406593,0.06593406593,0.08791208791,0.07692307692,0,0.03296703297,0,0,0,0,0,0,0,0.01098901099,0,0,0.01098901099,0.01098901099,0.02197802198,0.01098901099,0.03296703297,0.05494505495,0.1758241758,0.1318681319,0,0.03296703297,0.0989010989,0.02197802198,0.1318681319,0.02197802198,0.06593406593,0.02197802198,0.0989010989,0.03296703297,0,0,0,0,0,0,0,0.01098901099,0,0,0,0,0,0,0,0,0,0,0
大江戸温泉物語 あわづグランドホテル,61,25,36,-0.3055555556,49,11,4.333333333,4.08,4.25,3.72,4.416666667,4.32,7.754098361,22,12,0.1639344262,8,6,0.08,0.01639344262,0.08196721311,0.2295081967,0.2295081967,0.2295081967,0.2131147541,0,0,0,0,0.4426229508,0.5573770492,0.8360655738,0.1475409836,0.01639344262,0,0,0.04918032787,0.1147540984,0.06557377049,0.2786885246,0.01639344262,0,0.09836065574,0,0.2950819672,0,0,0,0.6557377049,0.7704918033,0.7049180328,0.01639344262,0,0,0,0,0,0,0,0,0,0,0.04918032787,0,0,0.01639344262,0.03278688525,0.08196721311,0.06557377049,0.1639344262,0.08196721311,0.1147540984,0.1803278689,0.06557377049,0.04918032787,0.131147541,0,0.01639344262,0,0,0,0,0,0,0,0,0,0,0.01639344262,0,0,0,0.04918032787,0.04918032787,0.1147540984,0.1803278689,0,0.01639344262,0.06557377049,0,0.06557377049,0.04918032787,0.1639344262,0.03278688525,0.09836065574,0.08196721311,0,0,0,0,0,0,0,0,0.01639344262,0,0,0,0,0,0,0,0,0,0
のと里山空港,71,3,5,-0.4,42,50,4.271186441,5,4.288135593,4.666666667,4.6875,5,8.4,35,10,0.3521126761,1,1,0,0,0.1690140845,0.1830985915,0.2394366197,0.2535211268,0.1267605634,0.02816901408,0,0,0,0.3802816901,0.5774647887,0.2535211268,0.2816901408,0.1126760563,0.2394366197,0.1126760563,0.2253521127,0.05633802817,0.1971830986,0.2112676056,0.05633802817,0,0.07042253521,0.04225352113,0.08450704225,0.01408450704,0,0,0.1549295775,0.2394366197,0.5492957746,0.07042253521,0,0,0,0.1267605634,0,0,0,0,0,0,0.01408450704,0,0.08450704225,0.04225352113,0.01408450704,0.1408450704,0.05633802817,0.1126760563,0.1408450704,0.08450704225,0.02816901408,0.04225352113,0.07042253521,0.1549295775,0.05633802817,0.05633802817,0,0,0,0,0,0,0.01408450704,0.01408450704,0,0,0.08450704225,0.02816901408,0.4507042254,0.1549295775,0,0.02816901408,0.07042253521,0.01408450704,0,0.01408450704,0.01408450704,0.01408450704,0,0,0,0,0.05633802817,0.01408450704,0,0,0,0.01408450704,0,0,0,0,0,0.01408450704,0,0,0,0,0,0,0,0,0
能登食祭市場,114,2,5,-0.6,27,54,4.5,4,4.495327103,4,4.411764706,4,8.342105263,66,20,0.4035087719,1,0,0.5,0.01754385965,0.2631578947,0.201754386,0.0701754386,0.1842105263,0.2192982456,0.04385964912,0,0,0,0.4035087719,0.5789473684,0.2807017544,0.3245614035,0.0701754386,0.02631578947,0.298245614,0.0701754386,0.1578947368,0.1842105263,0.298245614,0.02631578947,0,0.1140350877,0.008771929825,0.05263157895,0.0350877193,0,0,0.2192982456,0.4122807018,0.6578947368,0.06140350877,0,0,0,0.06140350877,0,0,0,0,0,0,0.0701754386,0,0.01754385965,0.09649122807,0.04385964912,0.1140350877,0.1315789474,0.1140350877,0.08771929825,0.04385964912,0.08771929825,0.0701754386,0.0701754386,0.0701754386,0.0350877193,0.0350877193,0,0,0,0,0,0,0.008771929825,0,0,0.008771929825,0.04385964912,0.04385964912,0.1578947368,0.07894736842,0.008771929825,0.1403508772,0.1403508772,0.0350877193,0,0.02631578947,0.01754385965,0,0.0701754386,0.008771929825,0.008771929825,0.02631578947,0.1228070175,0.008771929825,0.008771929825,0,0.02631578947,0,0,0,0,0,0,0,0,0.008771929825,0,0,0,0,0,0,0
加賀屋,44,0,0,,63,75,4.568181818,,4.477272727,,,,9.045454545,28,0,0.6363636364,0,0,,0,0.09090909091,0.1590909091,0.3181818182,0.1818181818,0.1818181818,0.06818181818,0,0,0,0.3863636364,0.5909090909,0.5,0.3409090909,0.06818181818,0.09090909091,0,0.02272727273,0.1363636364,0.1363636364,0.25,0.02272727273,0.02272727273,0.1818181818,0,0.1136363636,0.02272727273,0,0,0.6363636364,0.7954545455,0.7272727273,0.09090909091,0,0,0,0.02272727273,0,0,0,0,0,0,0.06818181818,0,0.02272727273,0,0.02272727273,0.06818181818,0.1590909091,0.1363636364,0.09090909091,0.1136363636,0.1136363636,0.06818181818,0.04545454545,0.1136363636,0.02272727273,0.04545454545,0,0,0,0.02272727273,0,0,0,0,0.04545454545,0,0.04545454545,0.02272727273,0.1363636364,0.04545454545,0.02272727273,0.04545454545,0.1136363636,0.04545454545,0,0.1136363636,0.06818181818,0,0.06818181818,0,0,0.02272727273,0.06818181818,0,0,0,0,0,0.04545454545,0,0.02272727273,0,0,0.02272727273,0,0.02272727273,0,0,0,0,0,0,0
千里浜レストハウス,118,8,4,1,26,32,4.431192661,4.125,4.449541284,4.625,4.61,4.5,8.483050847,64,16,0.406779661,5,0,0.625,0.04237288136,0.1101694915,0.1694915254,0.1610169492,0.2966101695,0.1694915254,0.05084745763,0,0,0,0.3983050847,0.593220339,0.2711864407,0.3559322034,0.1016949153,0.1101694915,0.1610169492,0.1355932203,0.09322033898,0.1525423729,0.2372881356,0.03389830508,0,0.1101694915,0,0.09322033898,0,0,0,0.1355932203,0.3220338983,0.5254237288,0.05084745763,0,0,0,0.09322033898,0,0,0,0,0,0,0.1610169492,0,0.01694915254,0.0593220339,0.0593220339,0.05084745763,0.1271186441,0.1016949153,0.09322033898,0.1610169492,0.09322033898,0.05084745763,0.07627118644,0.03389830508,0.01694915254,0.07627118644,0.008474576271,0,0,0,0,0.008474576271,0.008474576271,0.04237288136,0.01694915254,0.01694915254,0.06779661017,0.03389830508,0.1525423729,0.1016949153,0,0.0593220339,0.08474576271,0.01694915254,0,0.04237288136,0.008474576271,0,0.06779661017,0.008474576271,0.04237288136,0.03389830508,0.07627118644,0.0593220339,0.01694915254,0,0.008474576271,0,0.008474576271,0,0.008474576271,0,0,0,0,0,0,0,0,0,0,0,0
道の駅のと千里浜,65,3,5,-0.4,48,51,4.548387097,4.333333333,4.523809524,4.333333333,4.644444444,4.333333333,8.646153846,36,4,0.4923076923,2,0,0.6666666667,0.01538461538,0.1230769231,0.2615384615,0.2153846154,0.2153846154,0.1230769231,0.04615384615,0,0,0,0.3846153846,0.5846153846,0.2461538462,0.2153846154,0.06153846154,0.1384615385,0.3384615385,0.09230769231,0.07692307692,0.07692307692,0.3692307692,0.01538461538,0.03076923077,0.1692307692,0.07692307692,0.06153846154,0,0,0,0.1538461538,0.3384615385,0.6307692308,0.1538461538,0,0,0,0.06153846154,0,0,0,0,0,0,0.2307692308,0,0.07692307692,0.06153846154,0.07692307692,0.1076923077,0.1076923077,0.1230769231,0.1538461538,0.1384615385,0.03076923077,0.03076923077,0.01538461538,0.04615384615,0.09230769231,0.01538461538,0.01538461538,0,0,0,0.03076923077,0,0.01538461538,0.01538461538,0,0.01538461538,0.01538461538,0.01538461538,0.09230769231,0.09230769231,0.01538461538,0.09230769231,0.2461538462,0.01538461538,0,0,0.01538461538,0.01538461538,0.1230769231,0.01538461538,0.01538461538,0.01538461538,0.04615384615,0.03076923077,0.01538461538,0,0,0,0,0,0,0,0,0,0,0.01538461538,0,0,0,0.01538461538,0,0,0
神子の里,41,6,5,0.2,65,39,4.648648649,4.5,4.538461538,4.333333333,4.566666667,4.5,8.707317073,26,4,0.5365853659,4,0,0.6666666667,0,0.0487804878,0.1951219512,0.1463414634,0.4146341463,0.1219512195,0.07317073171,0,0,0,0.2682926829,0.7073170732,0.07317073171,0.09756097561,0.0487804878,0.07317073171,0.7073170732,0.2195121951,0.0487804878,0.0487804878,0.2926829268,0,0,0.1707317073,0.0243902439,0.1463414634,0,0,0,0.07317073171,0.07317073171,0.6341463415,0.0243902439,0,0,0,0.0243902439,0,0,0,0,0,0,0.243902439,0,0.0243902439,0.09756097561,0.07317073171,0.1463414634,0.1951219512,0.09756097561,0.0243902439,0,0.09756097561,0.0487804878,0.1219512195,0.0487804878,0.0243902439,0.0243902439,0,0,0,0,0,0,0,0,0,0,0,0,0.0243902439,0.0243902439,0,0.243902439,0.5365853659,0.0243902439,0,0.0243902439,0,0,0.0487804878,0,0,0,0.0243902439,0.0243902439,0.0243902439,0,0,0,0,0,0,0,0,0,0,0,0,0,0,0,0,0,0
のとじま水族館,915,396,140,1.828571429,4,1,4.583625731,4.363636364,4.597269625,4.502525253,4.643598616,4.505050505,8.687431694,544,82,0.5049180328,243,27,0.5454545455,0.01420765027,0.2054644809,0.306010929,0.218579235,0.1759562842,0.06885245902,0.01092896175,0,0,0,0.4404371585,0.5508196721,0.3049180328,0.2043715847,0.08415300546,0.06448087432,0.3420765027,0.08087431694,0.1344262295,0.08524590164,0.1726775956,0.01202185792,0.001092896175,0.06338797814,0.01420765027,0.3409836066,0.01857923497,0,0,0.2153005464,0.3300546448,0.4721311475,0.04371584699,0,0,0,0.0262295082,0,0,0,0,0,0,0.07759562842,0,0.0218579235,0.02732240437,0.0393442623,0.07431693989,0.1038251366,0.1475409836,0.1431693989,0.09071038251,0.08196721311,0.07103825137,0.07540983607,0.09180327869,0.02732240437,0.0262295082,0.007650273224,0,0,0.007650273224,0.001092896175,0.003278688525,0.008743169399,0.006557377049,0.008743169399,0.01202185792,0.0349726776,0.0306010929,0.07978142077,0.03169398907,0.03278688525,0.1661202186,0.2174863388,0.0262295082,0.004371584699,0.04153005464,0.0349726776,0.02404371585,0.06338797814,0.01202185792,0.01202185792,0.02295081967,0.0349726776,0.02732240437,0.01092896175,0.003278688525,0.00218579235,0.003278688525,0.003278688525,0.00218579235,0,0.001092896175,0.003278688525,0.001092896175,0,0.01092896175,0.001092896175,0,0.003278688525,0,0.001092896175,0,0
ランプの宿,48,0,0,,59,76,4.659090909,,4.622222222,,,,9.1875,35,2,0.6875,0,0,,0,0.125,0.125,0.04166666667,0.2708333333,0.3333333333,0.08333333333,0.02083333333,0,0,0.4166666667,0.5833333333,0.3125,0.4583333333,0.08333333333,0.1458333333,0,0.0625,0.1666666667,0.1041666667,0.4791666667,0.0625,0,0.0625,0,0,0,0,0,0.6458333333,0.7916666667,0.6875,0.0625,0,0,0,0.02083333333,0,0,0,0,0,0,0.02083333333,0,0,0.04166666667,0.04166666667,0.1458333333,0.0625,0.08333333333,0.04166666667,0.1041666667,0.125,0.02083333333,0.125,0.1041666667,0.04166666667,0.0625,0,0,0.02083333333,0,0,0,0.0625,0,0.0625,0.02083333333,0.02083333333,0.0625,0.1458333333,0.1666666667,0,0.04166666667,0.02083333333,0,0.02083333333,0.02083333333,0.04166666667,0,0.04166666667,0,0,0.02083333333,0.0625,0.02083333333,0,0.02083333333,0,0,0,0.0625,0.02083333333,0,0,0.02083333333,0,0,0,0,0,0,0.02083333333,0,0
休暇村能登千里浜,35,0,0,,70,77,4.4375,,4.393939394,,4.37037037,,7.857142857,11,7,0.1142857143,0,0,,0,0.02857142857,0.1428571429,0.1714285714,0.1714285714,0.3428571429,0.1428571429,0,0,0,0.4571428571,0.5142857143,0.5428571429,0.2285714286,0.1428571429,0.08571428571,0,0.08571428571,0.02857142857,0.05714285714,0.3714285714,0.02857142857,0,0.1428571429,0.02857142857,0.05714285714,0.05714285714,0,0,0.5714285714,0.5428571429,0.5142857143,0.02857142857,0,0,0,0,0,0,0,0,0,0,0.02857142857,0,0.08571428571,0.02857142857,0,0.05714285714,0.2571428571,0.1714285714,0.05714285714,0.08571428571,0.08571428571,0.1142857143,0.05714285714,0.08571428571,0,0,0,0.02857142857,0,0,0,0,0,0.05714285714,0.05714285714,0,0.08571428571,0.02857142857,0.1428571429,0,0.05714285714,0.05714285714,0.1714285714,0.02857142857,0,0,0.02857142857,0.02857142857,0.05714285714,0,0.02857142857,0,0.05714285714,0.05714285714,0,0,0,0,0,0,0,0,0,0,0,0.02857142857,0,0,0,0,0,0,0
コスモアイル羽咋,91,9,31,-0.7096774194,33,31,4.561797753,4.666666667,4.595505618,4.777777778,4.606741573,4.555555556,8.626373626,50,7,0.4725274725,4,1,0.3333333333,0.02197802198,0.1538461538,0.1648351648,0.2637362637,0.2967032967,0.07692307692,0.02197802198,0,0,0,0.4945054945,0.4835164835,0.2967032967,0.2307692308,0.0989010989,0.1318681319,0.2417582418,0.1098901099,0.05494505495,0.06593406593,0.2417582418,0.05494505495,0,0.07692307692,0.03296703297,0.2307692308,0,0,0,0.1978021978,0.2307692308,0.3076923077,0.02197802198,0,0,0,0.03296703297,0,0,0,0,0,0,0.1428571429,0,0.01098901099,0.08791208791,0.04395604396,0.06593406593,0.07692307692,0.0989010989,0.1208791209,0.05494505495,0.1208791209,0.06593406593,0.03296703297,0.1098901099,0.04395604396,0.07692307692,0.01098901099,0,0,0,0,0,0,0.01098901099,0.01098901099,0.05494505495,0.05494505495,0.04395604396,0.0989010989,0.06593406593,0.01098901099,0.08791208791,0.1538461538,0.06593406593,0,0.02197802198,0.04395604396,0.03296703297,0.03296703297,0,0.02197802198,0.01098901099,0.05494505495,0.06593406593,0,0,0,0,0,0,0,0,0,0.02197802198,0,0.01098901099,0,0,0,0,0,0,0.01098901099
気多大社,57,6,22,-0.7272727273,53,40,4.4375,2.166666667,4.384615385,4.333333333,4.592592593,3.666666667,8.210526316,24,7,0.298245614,1,0,0.1666666667,0.01754385965,0.1228070175,0.1578947368,0.2456140351,0.298245614,0.1578947368,0,0,0,0,0.5789473684,0.4035087719,0.1929824561,0.2456140351,0.01754385965,0.1403508772,0.4035087719,0.298245614,0.0701754386,0.1228070175,0.1403508772,0.05263157895,0,0.1228070175,0.01754385965,0.0701754386,0,0,0,0.0701754386,0.1754385965,0.3684210526,0.01754385965,0,0,0,0.01754385965,0,0,0,0,0,0,0.1929824561,0,0.0701754386,0.1052631579,0.0701754386,0.0350877193,0.2280701754,0.1754385965,0.1228070175,0.08771929825,0.08771929825,0,0.0350877193,0.01754385965,0.01754385965,0.01754385965,0,0,0,0,0,0,0,0,0.01754385965,0.01754385965,0.0350877193,0.01754385965,0.1052631579,0.0701754386,0,0.08771929825,0.2105263158,0.0350877193,0.01754385965,0.05263157895,0.0350877193,0,0.0350877193,0,0,0,0.08771929825,0.05263157895,0.0350877193,0.01754385965,0,0,0.01754385965,0,0.0350877193,0,0,0,0,0.01754385965,0,0,0,0,0,0,0