施設名	ps1_同伴者	ps1_年代	ps1_地方	ps1_年収	ps1_カウント	ps2_同伴者	ps2_年代	ps2_地方	ps2_年収	ps2_カウント	ps3_同伴者	ps3_年代	ps3_地方	ps3_年収	ps3_カウント	AIアドバイス
KKRホテル金沢	家族連れ	中年層	中部	1,000万円以上	5	2人組	高齢層	関東	400～700万円未満	4	その他	中年層	関東	1,000万円以上	4	
KOKOHOTEL Premier 金沢香林坊	2人組	若年層	関東	400～700万円未満	23	2人組	中年層	関東	1,000万円以上	17	ひとり	中年層	関東	1,000万円以上	15	"1. 評価ポイント・改善ポイント
展示物やスタッフの対応が評価されており、特にお土産の充実度やウェルカムドリンクも好評です。ただ、照明が暗いとの指摘や閉店時間の早さは改善が必要にゃ。

2. 即応策
短期的には、照明の調整を行い明るさを改善するにゃ。中期的には、閉店時間を見直し、訪問客がもっとリラックスして過ごせるように延長する施策を検討するにゃ。

3. 期待効果
照明改善により、訪問者の滞在時間が延び、より多くの人が快適に過ごせるようになるため、満足度や再訪率が向上するにゃ。また、閉店時間の延長によって夕方の客数増加が期待できるにゃ。

4. SNS発信用キャッチコピー例
若年層：友達との特別なひとときを、美しい展示で彩ろう！
中年層：贅沢なひとときを、大人のための芸術体験で満喫しませんか？
高齢層：心温まるアート体験で、安心して過ごす穏やかな時間を。

5. 追加の収益施策アイデア
特別なナイトミュージアムイベントや、テーマに合わせたワークショップを開催し、夜間来館者をターゲットにしたプランを企画するにゃ。これにより、さらなる集客と売上の向上が見込めるにゃ。"
「安宅の関」こまつ勧進帳の里	2人組	中年層	中部	400万円未満	6	2人組	若年層	中部	400万円未満	4	2人組	高齢層	中部	400～700万円未満	2	"1. 評価ポイント・改善ポイント
施設の美味しい蟹料理や温泉、伝統芸能の展示は好評で、顧客満足度が高いにゃ。しかし、特に改善点として「特にないです」との声があり、より細やかなサービスや新しい体験提供が必要にゃ。

2. 即応策
短期には、現行メニューに加え季節限定の蟹料理を提供するにゃ。また、温泉の利用者向けに有料の特別プランを設定して独自の体験を提供にゃ。中期には、地域の伝統芸能ワークショップを定期開催し、参加者に新しい体験を提供するにゃ。

3. 期待効果
顧客満足度の向上やリピーターの増加につながり、再訪率が向上するにゃ。新しい体験によってSNSでの拡散と話題性が生まれるにゃ。

4. SNS発信用キャッチコピー例
ペルソナ名称1：蟹と温泉を愛する中年層・「美味しい蟹と温泉、心も体もリフレッシュ！」
ペルソナ名称2：若いカップル・「パートナーと楽しむ、特別な時間」
ペルソナ名称3：友人同士の中年層・「友達とともに心に残る思い出を作ろう！」

5. 追加の収益施策アイデア
地域の特産品を使ったお土産ショップの新設や、施設利用客向けの宿泊プランをバンドルした特別パッケージの導入にゃ。また、オンラインでの体験予約サービスを提供し、遠方からの集客を図るにゃ。"
いこいの村能登半島	2人組	中年層	近畿	400～700万円未満	2	2人組	若年層	関東	1,000万円以上	1	2人組	高齢層	中部	1,000万円以上	1	
いしかわ動物園	家族連れ	中年層	中部	400～700万円未満	71	家族連れ	若年層	中部	400～700万円未満	66	2人組	若年層	中部	400万円未満	26	"1. 評価ポイント・改善ポイント
施設の動物展示や清潔感に対して多くの好評が寄せられており、特に子どもたちが楽しめる環境が整っています。一方、入口のスロープが長いことや駐車場の遠さ、授乳室の鍵がない点は改善が必要です。

2. 即応策
短期的には、授乳室に鍵を設置し、駐車場からのシャトルバスを無料で運行することを検討するにゃ。また、入口のスロープに目立つサインを設置し、事前に親向けの情報を提供することで、ファミリー層の不安を軽減にゃ。

3. 期待効果
これにより、親子連れの満足度が向上し、再訪率が高まることが期待できるにゃ。特に、授乳室の改善は新生児を連れた家族に訴求力が高まるにゃ。

4. SNS発信用キャッチコピー例
- 家族連れ（中年層）：笑顔あふれる家族の思い出、動物たちとともに！
- 家族連れ（若年層）：親子で楽しめる冒険、動物の世界へGO！
- 2人組（若年層）：仲間と一緒に、動物と過ごす特別なひととき！

5. 追加の収益施策アイデア
動物のふれあい体験や特別イベントを企画することで、参加費用を設定し、訪問者がより深く動物と触れ合える機会を提供するにゃ。さらに、季節ごとのテーマイベントを展開し、リピーターを増やす施策も検討するにゃ。"
お花見久兵衛	2人組	高齢層	中部	400～700万円未満	3	友人	中年層	近畿	400万円未満	3	家族連れ	中年層	中部	400～700万円未満	3	"1. 評価ポイント・改善ポイント  
お客様から「楽しめました」という声を多数いただいており、施設の楽しさや体験の魅力が評価されています。今後は、特に高齢層や家族連れに向けたサービスやイベントの充実を図る必要がありますにゃ。

2. 即応策  
- 短期: 高齢層向けのガイドツアーや健康ワークショップを開催することで、参加者に特別感を提供するにゃ。  
- 中期: 家族連れ向けに季節ごとのイベントを企画し、リピート訪問を促すプランを立てるにゃ。

3. 期待効果  
参加者の満足度が向上し、特に高齢層や家族連れのお客様の再訪率が増加することが期待されるにゃ。

4. SNS発信用キャッチコピー例  
- 高齢層向け：『あなたの笑顔が見たくて。大人のための特別ガイドツアー開催中！』  
- 中年層向け：『友人と一緒に、特別な思い出を作りませんか？楽しさ倍増の企画！』  
- 家族連れ向け：『家族みんなで楽しめる、ワクワクイベント！皆で思い出を作ろう！』  

5. 追加の収益施策アイデア  
- 地元の飲食店と提携して、施設入場券で特別割引が受けられるクーポンを配布するにゃ。  
- 体験型ワークショップを有料で提供し、参加者の体験価値を高めるにゃ。"
かがにこにこパーク	家族連れ	若年層	中部	400～700万円未満	16	家族連れ	中年層	中部	400～700万円未満	10	家族連れ	高齢層	中部	400～700万円未満	2	
からくり記念館	2人組	若年層	中部	400～700万円未満	3	2人組	高齢層	中部	400万円未満	3	家族連れ	中年層	中部	400～700万円未満	3	"1. 評価ポイント・改善ポイント
観光施設の建物と庭は非常に素晴らしい評価を受けており、見やすさも高く評価されています。しかし、若年層向けのアクティビティやサービスが不足しているため、幅広い客層へのアピールが必要にゃ。

2. 即応策（低コストでできる具体的な行動）
短期策として、季節限定のフォトスポットを設置し、SNS映えを狙った背景や小道具を用意するにゃ。また、中期策として、若年層向けにプロモーションを強化し、インスタグラムやTikTokでのキャンペーンを実施するにゃ。

3. 期待効果（満足度・再訪率など）
これにより、若年層及びファミリー層の訪問者が増加し、全体的な満足度の向上や再訪率の向上が期待できるにゃ。

4. SNS発信用キャッチコピー例
家族連れ：家族と思い出を作る特別な空間、ここにあります！
若年層：友達との最高の思い出を、ここで残そう！
高齢層：懐かしい風景を一緒に楽しみましょう、また訪れたい場所に。

5. 追加の収益施策アイデア
特定の曜日にファミリーディスカウントデーを設け、家族連れをターゲットにしたプランや、訪問記念商品の販売なども視野に入れれば、収益向上につながるにゃ。"
たちばな四季亭	2人組	高齢層	中部	400～700万円未満	8	2人組	中年層	中部	1,000万円以上	7	2人組	若年層	中部	400万円未満	7	"1. 評価ポイント・改善ポイント
施設の接客や料理の質が高く、訪れたお客様から評価されている点は素晴らしいにゃ。この良さをさらに広める工夫が必要にゃ。また、客層が多様で、特に高齢層や中年層の満足度を高める施策が求められるにゃ。

2. 即応策（短期）
- 料理メニューに季節のおすすめ料理を追加し、食材や料理に関するストーリーをSNSで発信するにゃ。
- 露天風呂の写真や動画をSNSでシェアするキャンペーンを実施し、特定のハッシュタグを使ってもらうにゃ。
- 接客スタッフへの教育を強化し、アットホームな雰囲気を演出するコミュニケーションを工夫するにゃ。

3. 期待効果
お客様の滞在満足度が向上し、再訪率やSNSでのシェアが増加することで、集客の増加が期待できるにゃ。

4. SNS発信用キャッチコピー例
- 高齢層：優雅な時間を、温泉と美食で。ゆったりしたひとときをご提供しますにゃ。
- 中年層：贅沢な休日を、特別な料理とサービスで味わう。あなたの日常に特別なひとときを。
- 若年層：仲間と一緒に楽しむ、癒しの温泉体験。記念日にぴったりなスポットですにゃ！

5. 追加の収益施策アイデア
- プレミアムプラン（特別料理＋スパトリートメント）を提供し、高価格帯の宿泊プランを提案するにゃ。
- 地域の特産品を使った料理教室を開催し、参加費を設定することで新たな収益源を生み出すにゃ。"
のとじま水族館	家族連れ	若年層	中部	400～700万円未満	254	家族連れ	中年層	中部	400～700万円未満	170	2人組	若年層	中部	400万円未満	151	"1. 評価ポイント・改善ポイント  
施設へのポジティブなフィードバックが多く、特にジンベイザメやイルカショー、多様な展示が高く評価されているにゃ。回復した姿に対する感謝と感動の声が多く、ブランディングにプラスに働く可能性があるにゃ。  
改善ポイントとしては、飲食施設の多様性やトイレの位置、移動のしやすさを改良することが求められているにゃ。  

2. 即応策  
短期（2〜4週間以内）  
- 来場客へのトイレ案内をわかりやすくするための看板を設置するにゃ。  
- 駐車場から施設入り口までの案内を充実させ、特に高齢者や家族連れに配慮した情報を提供するにゃ。  

中期（半年以内）  
- 飲食施設のメニューを見直して、地元の特色を生かした料理やバリエーションを増やすにゃ。  
- ベビーカー利用者や高齢者向けにエレベーターやスロープの整備を推進するにゃ。  

3. 期待効果  
改善策により、施設利用者の満足度が向上し、再訪率の向上が期待できるにゃ。また、SNSでの評価も上がることで、新規来場者獲得につながる可能性があるにゃ。  

4. SNS発信用キャッチコピー例  
家族連れ・若年層：  
「家族との思い出を、水族館で特別な瞬間に変えよう！」  
家族連れ・中年層：  
「再生の物語を共に知り、共に楽しむ、あなただけの海の冒険！」  
2人組・若年層：  
「友達と一緒に、感動の水族館体験を共有しよう！」  

5. 追加の収益施策アイデア  
- お土産やドリンクの購入時に使えるクーポンや、年パス会員対象の特別イベントを企画し、来場促進と同時にリピーターを増やすにゃ。  
- 地域の特産品を利用した食イベントや、水族館での魚介体験教室を開催して、参加費を収益につなげる施策にゃ。"
のとや	2人組	中年層	中部	400～700万円未満	5	2人組	高齢層	中部	400万円未満	5	2人組	若年層	中部	400～700万円未満	4	"1. 評価ポイント・改善ポイント  
美味しい食事ややさしいスタッフの対応が高く評価されており、リピート客を獲得する大きな要因となっています。しかし、建物設備の老朽化や虫の侵入が問題となっており、これを改善する必要があるにゃ。

2. 即応策  
（短期） 1. 網戸の修理や新設を行い、虫の侵入を防止する。 2. 建物の清掃を強化し、目立つ場所を先に改善する。 3. 食事のことで感謝の声が多いので、メニューリーフレットを作成し、料理の特徴やシェフの紹介をするにゃ。  
（中期） 1. 建物の内装や外装のリフォームプランを作成し、計画的に見直す。 2. スタッフの接遇トレーニングを実施し、より高いホスピタリティを目指す。 3. お料理教室や食べ歩きイベントなどの開催を企画し、集客を図るにゃ。

3. 期待効果  
満足度の向上により再訪率が高まり、特に虫の問題が解決されることで高齢層のお客様が安心して訪れやすくなるにゃ。また、食事のメニュー改善が相まって口コミでの宣伝効果も期待できるにゃ。

4. SNS発信用キャッチコピー例  
ペルソナ名称1（高齢層2人組）：安心して楽しめる、癒しの時間をあなたに。  
ペルソナ名称2（中年層2人組）：心安らぐ美味しい食事で、特別なひとときを。  
ペルソナ名称3（若年層2人組）：Instagram映え間違いなし！美食と美景を満喫しよう。

5. 追加の収益施策アイデア  
1. 地元の特産品を使用したバイキングコースや限定メニューを設け、販売促進を図るにゃ。  
2. 季節ごとのテーマイベント（例：紅葉狩りツアー、クリスマスフェア）を開催し、参加費を設定して収益を上げるにゃ。  
3. 料理教室を企画し、参加費を徴収することで新たな客層を獲得するにゃ。"
のと海洋ふれあいセンター	家族連れ	中年層	中部	400～700万円未満	3	家族連れ	若年層	中部	400～700万円未満	3	2人組	中年層	中部	400～700万円未満	2	
のと里山海道　西山パーキング	2人組	中年層	中部	1,000万円以上	2	2人組	若年層	中部	1,000万円以上	1	ひとり	中年層	中部	1,000万円以上	1	
のと里山空港	2人組	中年層	関東	1,000万円以上	7	2人組	若年層	関東	700～1,000万円未満	4	ひとり	中年層	関東	1,000万円以上	3	"1. 評価ポイント・改善ポイント  
羽生結弦選手と大相撲のパネルがあり、観光施設としての魅力がありますね。また、多様な客層のニーズに応えられる点が評価されます。ただ、情報提供や体験の多様性が不足しているため、より多くの訪問者を引きつける策が必要にゃ。

2. 即応策  
短期（2〜4週間以内）：
- パネルの情報を整理したパンフレットを作成し、来場者に配布するにゃ。 
- SNSを利用して、羽生選手や大相撲に関するクイズやフォトコンテストを開催し、参加を促すにゃ。

中期（半年以内）：
- 羽生選手や大相撲をテーマにした特別イベントを企画し、定期的に新しい体験を提供するにゃ。
- 地元食材を活用したカフェメニューを開発し、観光客や地元民にアピールするにゃ。

3. 期待効果  
認知度の向上や訪問者数の増加が期待でき、満足度が高まることで再訪率も向上するにゃ。また、SNSでの拡散効果も大きく、新たな集客につながることが期待できるにゃ。

4. SNS発信用キャッチコピー例  
ペルソナ名称1（中年層2人組）：一緒に特別な瞬間を感じよう！  
ペルソナ名称2（高齢層ひとり）：思い出のパネルとともに、心に残るひとときを。  
ペルソナ名称3（若年層2人組）：友達と一緒に楽しむ、素敵なひととき！

5. 追加の収益施策アイデア  
- パネルと連動したオリジナルグッズの販売を開始し、ファンにアプローチするにゃ。  
- ワークショップや体験型イベントを実施し、参加費用を収益に転換するにゃ。"
のと鉄道 POKÉMON with YOUトレイン	2人組	若年層	近畿	400～700万円未満	5	家族連れ	若年層	中部	400～700万円未満	4	ひとり	中年層	中部	400～700万円未満	3	
のと鉄道（通常）	ひとり	中年層	関東	400～700万円未満	17	ひとり	若年層	関東	400万円未満	16	友人	若年層	中部	400～700万円未満	6	
ひがし茶屋休憩館	2人組	若年層	関東	400～700万円未満	8	2人組	中年層	関東	400～700万円未満	7	2人組	高齢層	関東	400万円未満	3	"1. 評価ポイント・改善ポイント  
金箔のアクセサリーや美味しいおでんなどの食体験が好評で、特に加工品のリーズナブルさが支持されていますにゃ。また、金沢の町家体験や休憩所の雰囲気も高評価。しかし、トイレの清潔感や案内表示の整備が改善の余地ありにゃ。

2. 即応策（低コストでできる具体的な行動）  
短期：トイレの清掃頻度を増やし、清潔感を向上させるにゃ。案内表示を増やして迷わないよう工夫するにゃ。  
中期：町家体験の運営を見直し、参加者の体験感を向上させるための職員研修を行うにゃ。

3. 期待効果  
トイレの清潔感が向上すれば、来館者の満足度が上がり、再訪率が向上するにゃ。また、案内表示が明確になれば、迷いが減り、口コミでも評価されることが期待できるにゃ。町家体験の質が向上すれば、長期的なリピーターを獲得しやすくなるにゃ。

4. SNS発信用キャッチコピー例  
若年層：友達と一緒に金沢の魅力を発見！金箔アクセサリーで特別な思い出を作ろう！  
中年層（1,000万円以上）：上質な体験がここに。特別な友人とのひとときを楽しむ金沢の旅。  
中年層（友人）：大切な友人と一緒に、金沢の美味と文化を満喫！今だけの特別体験を見逃すな！

5. 追加の収益施策アイデア  
金箔を使用したワークショップを定期的に開催し、参加費を設定することで新たな収益源にするにゃ。また、石川県の食材を使用した料理教室を企画し、地元の食文化の魅力を伝えながら収益を上げるにゃ。"
ひょっこり温泉 島の湯	2人組	中年層	中部	400～700万円未満	3	2人組	高齢層	関東	400～700万円未満	2	2人組	若年層	中部	1,000万円以上	1	
ふれあい昆虫館	家族連れ	若年層	中部	400～700万円未満	85	家族連れ	中年層	中部	400～700万円未満	57	2人組	若年層	中部	400万円未満	11	"1. 評価ポイント・改善ポイント
昆虫館の裏側ツアーは非常に好評で、多くの利用者が楽しんでいます。また、キッズスペースにもおもちゃがあり、子供連れの家族にとって魅力的な環境が整っています。一方で、お菓子や飲み物の提供が求められており、訪問者の満足度をさらに高める改善が必要ですにゃ。

2. 即応策
【短期】お菓子や飲み物の自動販売機を設置し、軽食を手軽に購入できる環境を整えるにゃ。
【中期】昆虫館の裏側ツアーに関連した特別イベントやワークショップを企画し、参加者に新たな体験を提供するにゃ。

3. 期待効果
お菓子や飲み物の提供により、来館者の満足度が向上し、再訪率が高まることが期待されます。また、新しいイベントを通じて興味を引き、リピーターの増加につながるにゃ。

4. SNS発信用キャッチコピー例
家族連れ向け：『自然の不思議を家族みんなで体験しよう！昆虫の世界に飛び込もう。』
若年層向け（2人組）：『友達と一緒に、見たことのない生き物たちと会おう！新たな発見が待っている。』

5. 追加の収益施策アイデア
昆虫館オリジナルのグッズ販売を充実させる。例えば、昆虫モチーフのぬいぐるみやお土産品を展開し、訪問者に記念品を提供することで収益を増やすことができるにゃ。"
ゆのくに天祥	2人組	中年層	関東	1,000万円以上	14	2人組	若年層	関東	1,000万円以上	14	2人組	高齢層	近畿	400～700万円未満	10	"1. 評価ポイント・改善ポイント  
温泉の充実度や食事の美味しさが特に好評で、無料サービスが豊富な点が高評価です。しかし、食事の進行や担当者の接客に関する不満が見られるため、改善が必要ですにゃ。

2. 即応策  
- 短期（2〜4週間以内）：食事の際のタイミングを見直し、大皿料理の取り分け方法を考える。例えば、サーブ後すぐに小皿に分けられるように用意するにゃ。  
- 中期（半年以内）：スタッフ接客の研修を実施し、顧客の声に対する対応力を高めるにゃ。  

3. 期待効果  
顧客満足度を向上させ、再訪率を高める。特にファミリー層では食事の体験を重視するため、口コミの改善が期待できるにゃ。

4. SNS発信用キャッチコピー例  
- 若年層2人組向け：友だちと過ごす特別な温泉体験！  
- 家族連れ向け：大切な家族との思い出を温泉で作ろう！  
- 中年層2人組向け：落ち着いた空間で心身をリフレッシュするひとときを。  

5. 追加の収益施策アイデア  
- 温泉卵作り体験を他の手作り体験メニューと組み合わせたパッケージセールを提供。特に家族やカップル向けの販売が期待できるにゃ。  
- 季節ごとの特別料理やイベントを通じた食事プランの強化を行うことで、リピーターを増やす施策に取り組むにゃ。  
- エステやマッサージサービスの追加により付加価値をつけ、長時間の滞在を促す戦略が有効にゃ。"
アパホテル〈金沢駅前〉	ひとり	中年層	中部	400～700万円未満	2	ひとり	若年層	関東	400万円未満	2	2人組	中年層	中部	400万円未満	1	
ウェルネスハウスSARAI	2人組	中年層	中部	400万円未満	3	2人組	若年層	中部	400万円未満	3	友人	中年層	東北	1,000万円以上	2	
ガーデンホテル金沢	2人組	若年層	関東	700～1,000万円未満	5	ひとり	中年層	関東	400～700万円未満	4	ひとり	若年層	関東	400～700万円未満	4	
コスモアイル羽咋	2人組	若年層	中部	400万円未満	19	2人組	高齢層	中部	400万円未満	16	2人組	中年層	関東	700～1,000万円未満	10	"1. 評価ポイント・改善ポイント  
UFOグッズや食べ物が充実しており、来場者から好評を得ている点が素晴らしいにゃ。また、シアターの体験が多くの来場者に楽しまれていますが、スマホの明かりやカメラ音が気になるという指摘があるので、モラル向上に向けた対策が必要にゃ。

2. 即応策  
短期（2〜4週間）：シアター内に「撮影禁止」の表示を追加し、鑑賞中のマナー向上を呼びかける案内を掲示するにゃ。スタッフによるアナウンスも行うにゃ。  
中期（半年以内）：シアター体験の質を向上させるために、上映内容を定期的に変更し、リピーター獲得を目指すにゃ。また、インタラクティブなイベントを開催して来場者の参加を促すにゃ。

3. 期待効果  
来場者の満足度向上に繋がり、再訪率の向上が期待できるにゃ。さらに、マナー改善によりシアター体験が向上し、SNSでの話題性も増すにゃ。

4. SNS発信用キャッチコピー例  
ペルソナ名称1：家族で楽しむUFOの世界—家族全員が笑顔になれる体験を！  
ペルソナ名称2：特別な夜を2人で—一緒に友達以上の絆を築くシアター体験  
ペルソナ名称3：若者が夢中になれる！—手に入れたいUFOグッズがここに！

5. 追加の収益施策アイデア  
UFOテーマの特別体験イベントやワークショップを開催し、参加費を徴収することで新たな収益を生むにゃ。また、人気のあるグッズをパッケージ化した限定セットをオンラインで販売することも検討するにゃ。"
サイエンスヒルズこまつ ひととものづくり科学館	家族連れ	中年層	中部	400～700万円未満	8	家族連れ	若年層	中部	400～700万円未満	6	その他	中年層	中部	700～1,000万円未満	2	
スーパーホテルPremier金沢駅東口	2人組	若年層	関東	400～700万円未満	13	2人組	中年層	関東	1,000万円以上	5	2人組	高齢層	関東	400～700万円未満	5	"1. 評価ポイント・改善ポイント  
朝食が美味しい点は高く評価されているにゃ。ただし、部屋にテレビが無いという不満が複数あり、これは改善が必要にゃ。

2. 即応策  
短期（2〜4週間以内）：部屋にテレビを設置することを検討するか、共用スペースでテレビ視聴できる環境を整えるにゃ。  
中期（半年以内）：良質な朝食を維持しつつ、料理のバリエーションを増やし、季節限定メニューを追加するにゃ。

3. 期待効果  
部屋の快適性が向上し、顧客満足度・再訪率の向上が期待できるにゃ。また、多様な朝食が喜ばれた場合、口コミでの評価も上がるにゃ。

4. SNS発信用キャッチコピー例  
若年層：友達と一緒に楽しめる美味しさ、朝はここで決まり！  
中年層（中部）：大切な人と特別な朝食を約束する場所  
中年層（同僚）：仕事の疲れを癒す絶品朝食が待っている！

5. 追加の収益施策アイデア  
朝食付きプランやカップル向けの特別パッケージを導入し、収益を上げるにゃ。また、オンライン予約特典でSNSフォロワーを増やし、更なる集客を目指すにゃ。"
スーパーホテル石川・能美根上スマートインター	2人組	中年層	中部	400～700万円未満	3	2人組	若年層	中部	400～700万円未満	2	その他	高齢層	近畿	400万円未満	2	
ダイワロイネットホテル金沢MIYABI	2人組	中年層	関東	1,000万円以上	6	2人組	若年層	関東	1,000万円以上	6	その他	中年層	関東	1,000万円以上	3	"1. 評価ポイント・改善ポイント  
大浴場の施設や接客が高評価で、美味しい食事も好評にゃ。しかし、歯ブラシや洗面台に関する不満があり、大人数客によるロビーの混雑も改善の余地があるにゃ。  

2. 即応策（低コストでできる具体的な行動）  
- 簡易な洗面台の改善：洗面台の置き方を工夫して、スペースを作るにゃ。  
- 歯ブラシの選択肢を増やす：好みの歯ブラシを選べるサービスを導入するにゃ。  
- ロビーの管理強化：団体客に対してロビーでの過ごし方に関するスタッフからの案内を強化するにゃ。  

3. 期待効果  
顧客の満足度向上や再訪率の増加に繋がるにゃ。小さな不満が解消されることで、より快適に過ごしてもらえるにゃ。  

4. SNS発信用キャッチコピー例  
- 若年層：友達と一緒に楽しむ、金沢のオシャレ宿泊体験。  
- 中年層：大人の贅沢、金沢で心温まるひとときを。  
- 高齢層：ゆったりと心身を癒やす、金沢の隠れ家ステイ。  

5. 追加の収益施策アイデア  
- 地元特産品や工芸品の販売コーナーを設け、宿泊客に地域の魅力をさらに体験してもらうにゃ。  
- 食事のコースをコンパクトサイズで提供し、追加オーダーを促すプランを考案するにゃ。"
チサンバジェット金沢駅前	ひとり	中年層	関東	400～700万円未満	8	ひとり	若年層	関東	700～1,000万円未満	8	2人組	若年層	関東	400～700万円未満	6	
トリフィートホテル&ポッド金沢百万石通	ひとり	中年層	関東	700～1,000万円未満	8	ひとり	若年層	中部	400万円未満	5	ひとり	高齢層	関東	400～700万円未満	3	
トレインパーク白山	家族連れ	若年層	中部	400～700万円未満	67	家族連れ	中年層	中部	700～1,000万円未満	28	2人組	若年層	中部	400万円未満	16	"1. 評価ポイント・改善ポイント  
鉄道好きな来場者からの高評価が多く、特に展示や体験が充実している点は素晴らしいにゃ。また、清潔感や親切なスタッフの対応も好評だが、お土産の種類と飲食スペースの拡充が求められているにゃ。  

2. 即応策  
【短期】（2〜4週間以内）  
- サイトやSNSでお土産の種類を増やす予定を発信し、利用者の期待感を高めるにゃ。  
- 館内の軽食コーナーでの販売商品を増やすため、地元産品の取り扱いや簡単な飲食提供を試験的に実施するにゃ。  

【中期】（半年以内）  
- 来場者の声を反映させ、人気のお土産や飲食メニューのテスト販売を行うにゃ。  
- 親子で楽しめる屋外エリアの整備を行い、飲食スペースとして利用できる機会を増やすにゃ。  

3. 期待効果  
来場者の満足度が向上し、お土産や飲食の多様化による再訪率の増加が期待できるにゃ。また、口コミを通じて新たな家族連れや鉄道ファンの集客が見込まれるにゃ。  

4. SNS発信用キャッチコピー例  
家族連れ：家族みんなで楽しむ鉄道の旅へ！  
若年層：鉄道好き、集まれ！新しい体験が待ってる！  
中年層：思い出を再発見、家族で楽しむ鉄道の魅力。  

5. 追加の収益施策アイデア  
- ワークショップや特別イベント（例：鉄道模型制作）を開催し、参加費を設けるにゃ。  
- 季節ごとのイベントや観光キャンペーンを展開し、来場者の興味を引くにゃ。  
- 会員制度を設け、定期的に特典を提供することでリピーターを増やす施策を計画するにゃ。"
ホテルアマネク金沢	2人組	中年層	北海道	1,000万円以上	2	2人組	若年層	関東	400～700万円未満	2	その他	中年層	中部	400～700万円未満	1	
ホテルアリヴィオ	2人組	中年層	関東	700～1,000万円未満	3	ひとり	中年層	近畿	400～700万円未満	2	ひとり	若年層	近畿	400～700万円未満	2	
ホテルインターゲート金沢	2人組	若年層	近畿	400～700万円未満	3	2人組	中年層	中部	400～700万円未満	2	ひとり	若年層	中部	400～700万円未満	2	
ホテルウィングインターナショナルプレミアム金沢駅前	ひとり	中年層	中部	1,000万円以上	6	2人組	若年層	関東	400～700万円未満	5	2人組	高齢層	関東	400～700万円未満	4	
ホテルマイステイズプレミア金沢	家族連れ	中年層	関東	1,000万円以上	5	2人組	若年層	関東	400万円未満	4	2人組	高齢層	関東	400～700万円未満	2	"1. 評価ポイント・改善ポイント（2〜3行）  
接客が良く、広々とした快適な空間が高く評価されていますにゃ。しかし、氷の提供が遅れたとの声があり、サービスのスピード向上が求められていますにゃ。

2. 即応策（低コストでできる具体的な行動）  
・氷のストックを増やし、いつでも供給できるようにするにゃ。  
・接客スタッフに即時対応のトレーニングを行い、迅速なサービスを心がけるよう促すにゃ。 

3. 期待効果（満足度・再訪率など）  
氷の提供がスムーズになれば、訪れたゲストの満足度が向上し、再訪率の増加が期待できるにゃ。

4. SNS発信用キャッチコピー例  
ペルソナ名称1：家族連れ向け  
「家族みんなが笑顔になる広々空間、再訪したくなる理由がここにあります！」

ペルソナ名称2：若年層向け  
「友達と過ごす非日常、大切な思い出を一緒に作ろう！」

ペルソナ名称3：高齢層向け  
「落ち着いた時間を過ごせる場所、リラックスしたひとときをあなたに。」

5. 追加の収益施策アイデア  
・子供向けの体験イベントやワークショップを定期的に開催し、家族連れをターゲットに集客を図るにゃ。  
・特別プランや割引券を発行することで、リピーターを増やし、長期的な収益向上を狙うにゃ。"
ホテルマイステイズ金沢キャッスル	2人組	若年層	関東	400～700万円未満	4	友人	若年層	関東	400万円未満	3	2人組	高齢層	近畿	400万円未満	2	
ホテルルートイン金沢駅前	2人組	若年層	関東	400万円未満	2	ひとり	中年層	関東	1,000万円以上	2	同僚	中年層	関東	1,000万円以上	2	"1. 評価ポイント・改善ポイント
新鮮で美味しい食材や風情のある空間が高く評価されていますが、顧客の多様なニーズに対応できるサービスや情報発信が弱いと感じられていますにゃ。

2. 即応策
- 短期施策: 施設のSNSで日替わりで新鮮なメニューや風情ある風景を投稿し、魅力をアピールするにゃ。
- 中期施策: 来場者の嗜好を把握するアンケートを実施し、要望に基づいた新サービスを検討するにゃ。 

3. 期待効果
SNSでの投稿により、満足度が向上し、再訪率が高まることが期待できるにゃ。また、顧客の声を収集することで、サービス改善のきっかけになるにゃ。

4. SNS発信用キャッチコピー例
- ペルソナ名称1（2人組、中年層、近畿地方）：美味しいひとときを、友と共に。
- ペルソナ名称2（ひとり、中年層、関東地方）：静かなひと時、あなたのための特別な空間。
- ペルソナ名称3（同僚、中年層、関東地方）：仕事の合間に、贅沢なリフレッシュを。

5. 追加の収益施策アイデア
季節ごとの特別イベントや体験プランを提供し、特に新鮮な食材を使用した料理教室や風情ある空間でのアート体験などを企画するにゃ。これにより新たな収益源を生み出し、集客効果が期待できるにゃ。"
ホテル・トリフィート金沢	2人組	若年層	関東	400～700万円未満	16	2人組	中年層	関東	1,000万円以上	11	その他	中年層	関東	1,000万円以上	7	"1. 評価ポイント・改善ポイント  
ライトアップや清潔感、コストパフォーマンスに対する評価が高く、朝食の質も好評にゃ。一方で、飲食店の子供連れ対応が不足しているため、改善が必要にゃ。  

2. 即応策  
短期（2〜4週間以内）：飲食店に子供用の椅子や食器を導入し、子供連れの顧客へのサービスを充実させるにゃ。  
中期（半年以内）：公式SNSやサイトで「ファミリー向け」のプランを打ち出し、子供連れ客に特化したプロモーションを行うにゃ。  

3. 期待効果  
子供連れの利用者が増えることで、ファミリー層の満足度向上や再訪率の向上が期待できるにゃ。また、ランチやディナー時の売上も増加するにゃ。  

4. SNS発信用キャッチコピー例  
若年層2人組：友達との特別な瞬間を、色彩豊かなライトアップで演出！  
中年層2人組：大人の贅沢なひとときを、洗練された空間でお楽しみください。  
中年層その他：思い出に残る家族の時間を、心温まるサービスでお迎えします。  

5. 追加の収益施策アイデア  
ファミリープランに加えて、季節ごとの特別イベント（例えば、夏祭りや冬のイルミネーション）を開催し、入場券やパッケージプランを販売するにゃ。"
ポイントバケーション加賀山中	2人組	高齢層	近畿	400～700万円未満	43	2人組	中年層	近畿	1,000万円以上	13	その他	高齢層	近畿	400～700万円未満	9	"### 短期改善策（2〜4週間以内）

1. **評価ポイント・改善ポイント**  
   大変広い部屋と親切な案内・対応が多くの利用者に喜ばれていますね。しかしカフェの定休日や朝風呂に入れない日があることがユーザーの不満につながっていますにゃ。

2. **即応策**  
   カフェの開放日を増やし、朝風呂の利用可能日を早急に見直しましょう。また、近くの温泉施設と提携し、入浴時のバスチェアーを借りて提供することも検討にゃ。

3. **期待効果**  
   カフェの営業日が増えることで、特に高齢者層の満足度が向上し、再訪率が上がることが期待できますにゃ。

4. **SNS発信用キャッチコピー例**  
   ペルソナ名称1：最高のリラックス空間を、お友達と一緒に  
   ペルソナ名称2：贅沢なおもてなし、あなたの特別な週末を  
   ペルソナ名称3：家族みんなで過ごす、非日常的なひととき

---

### 中期改善策（半年以内）

1. **評価ポイント・改善ポイント**  
   他にはない景色とリラックスできる施設は評価されていますが、食器不足や大人数での対応には改善の余地がありますにゃ。また、高齢者向けの配慮を強化すべきですにゃ。

2. **即応策**  
   食器の在庫を見直し、増やすことで大人数に対応可能になります。また、温泉に高齢者向けのバスチェアーを常設させることも進めましょうにゃ。

3. **期待効果**  
   大人数の利用にも対応できるようになることで、家族や親戚の集まりの場としての満足度が高まり、口コミが増えることが期待されますにゃ。

4. **SNS発信用キャッチコピー例**  
   ペルソナ名称1：広々とした空間で、お友達との特別な休日を  
   ペルソナ名称2：美しい景色とともに、贅沢なひとときをお過ごしください  
   ペルソナ名称3：心に残る思い出を、大切な家族と一緒に 

---

### 追加の収益施策アイデア

1. **宿泊者限定の特別料理プラン**  
   地元食材を使用した高級料理を提供するプランを設定しますにゃ。特に中年層をターゲットにしたディナーイベントもよいかもしれませんにゃ。

2. **季節ごとのイベント開催**  
   紅葉や桜のシーズンに特化した観光イベントや食事会を開催し、観光施設を利用する動機付けを行いますにゃ。

3. **温泉エリアのリノベーション**  
   リラックスできる空間をさらに提供するために、温泉区域をリノベーションし、癒しの演出を強化し、集客を図りますにゃ。"
ランプの宿	2人組	中年層	関東	1,000万円以上	3	2人組	若年層	中部	700～1,000万円未満	2	2人組	高齢層	関東	400～700万円未満	2	
リブマックスリゾート加賀山代	2人組	高齢層	中部	400万円未満	5	2人組	中年層	中部	400万円未満	4	2人組	若年層	関東	400～700万円未満	1	
九谷セラミック・ラボラトリー（CERABO KUTANI）	2人組	中年層	中部	400～700万円未満	3	2人組	若年層	中部	400～700万円未満	3	同僚	中年層	関東	700～1,000万円未満	3	"1. 評価ポイント・改善ポイント  
建築美と体験型の展示が高く評価されているにゃ。職人の作業風景を見られる機会が不足しているため、もう少し客の興味を引く方法が必要にゃ。  
   
2. 即応策  
・短期：職人のライブデモンストレーションを週末に実施し、その様子をSNSで告知にゃ。  
・中期：ガイドツアーを新設し、職人が作業を行っている様子を間近で観られる体験を提供するにゃ。  
   
3. 期待効果  
リアルタイムで職人の作業を観ることで、来館者の満足度が向上し、再訪率が増加することが期待できるにゃ。  
   
4. SNS発信用キャッチコピー例  
若年層へのアプローチ：  
「友達と一緒に、伝統工芸の裏側を体験しよう！」  
中年層へのアプローチ：  
「同僚と過ごす特別な一日、職人の技が目の前に！」  
  
5. 追加の収益施策アイデア  
・アートや工芸に興味がある方向けのワークショップを開催することで、参加費を徴収し、収益の増加を図るにゃ。  
・限定商品の販売や、観光施設とのコラボレーションによるグッズ販売を検討するにゃ。"
休暇村能登千里浜	2人組	高齢層	中部	400～700万円未満	4	家族連れ	中年層	中部	700～1,000万円未満	4	2人組	中年層	近畿	700～1,000万円未満	3	
体験交流施設　ラブロ恋路	2人組	中年層	中部	400万円未満	4	2人組	高齢層	中部	400～700万円未満	2	2人組	若年層	中部	400～700万円未満	1	
兼六園	2人組	若年層	関東	1,000万円以上	16	2人組	中年層	関東	1,000万円以上	6	2人組	高齢層	関東	400万円未満	6	"1. 評価ポイント・改善ポイント  
訪問者からの景観や清掃、紅葉シーズンに対する好評が多く、非常に良い印象を持たれているにゃ。ただし、ベビーカーの利用時の不便さや人混みの問題が指摘されており、改善が必要にゃ。

2. 即応策（短期）  
- ベビーカー向けのルート案内を施設内に表示するにゃ。また、スタッフがベビーカー利用者へのサポートを提供する仕組みを作るにゃ。  
- 混雑時に対策として、来場者に時間をずらして訪問するような促進を行うにゃ。

3. 期待効果  
来場者の満足度が向上し、特に親子連れや高齢層の再訪率が高まることが期待できるにゃ。

4. SNS発信用キャッチコピー例  
若年層：友達と発見する、秋の極上スポット！  
中年層：特別な休日にぴったりの癒やし空間を体験しよう。  
高齢層：心も体も癒す自然の景色、家族と一緒に思い出を作ろう。

5. 追加の収益施策アイデア  
- スペシャルイベントや季節ごとのワークショップ（紅葉のアート制作など）を開催し、参加費を徴収するにゃ。  
- オリジナルの土産物（紅葉をテーマにした商品など）を開発し、売り上げを増やす施策を検討するにゃ。  

中期対応策（半年以内になるが、すぐに進めやすい内容になっている）：  
1. 樹木の名前や特徴を記載した案内板を整備し、知識を提供するにゃ。  
2. 更なる景観整備や施設の利便性向上のため、利用者の声を集めた定期的なアンケートを実施するにゃ。  
3. 無料開放日を定期的に設け、集客を増加させるにゃ。  

これらの施策で、すでに良い評価を得ている部分をさらに強化しつつ、来場者のスムーズな体験を提供することで、施設の魅力を最大化することができるにゃ。"
兼六駐車場	2人組	中年層	中部	400～700万円未満	14	2人組	若年層	関東	1,000万円以上	8	家族連れ	若年層	関東	400～700万円未満	7	"1. 評価ポイント・改善ポイント：施設は非常に清潔で、美しい環境が評価されています。また、美味しい食事やリーズナブルな入館料も高評価に繋がっているにゃ。バリアフリーに関しては一部改善が必要な箇所が指摘されているにゃ。

2. 即応策：
   - 短期（2〜4週間以内）：バリアフリーコースの地面の修正を行うにゃ。簡易な警告標識を設置し、進入時の注意喚起も行うにゃ。
   - 中期（半年以内）：清掃・メンテナンス体制を強化し、トイレや休憩所のクオリティを保つためのチェックリストを導入するにゃ。特に週末や繁忙期に重点を置くにゃ。

3. 期待効果：バリアフリー対応による満足度向上、再訪率の増加が期待されるにゃ。特に家族連れが安心して訪れることで口コミが広がる可能性が高いにゃ。

4. SNS発信用キャッチコピー例：
   - 家族連れ：『家族での特別なひとときを、兼六園で！』
   - 若年層（中年層）：『友達と共有したい、美しい瞬間を兼六園で！』
   - 若年層（高年収）：『兼六園で贅沢な時間を、思い出に刻もう！』

5. 追加の収益施策アイデア：食事メニューのプレミアムプランを設定し、特別な日のための予約制ランチやディナーを提供するにゃ。また、写真スポットでの撮影サービスを有料化し、思い出を形に残すサービスも展開するにゃ。"
出張輪島朝市 inワイプラザ輪島店	2人組	高齢層	中部	400万円未満	3	その他	中年層	中部	700～1,000万円未満	3	ひとり	中年層	中部	400万円未満	3	
加賀の宿宝生亭	家族連れ	若年層	中部	400～700万円未満	18	家族連れ	中年層	中部	400～700万円未満	4	友人	高齢層	近畿	400～700万円未満	2	
加賀フルーツランド	家族連れ	中年層	中部	400～700万円未満	5	2人組	高齢層	中部	400万円未満	3	その他	中年層	中部	700～1,000万円未満	3	
加賀伝統工芸村　ゆのくにの森	家族連れ	中年層	近畿	400～700万円未満	12	2人組	若年層	中部	400～700万円未満	11	2人組	高齢層	中部	400～700万円未満	7	"1. 評価ポイント・改善ポイント  
松井秀喜ミュージアムは特定のターゲット層に強く支持されており、特に家族連れや若年層からの評価が高いにゃ。しかし、休館日が多いことが来訪者の満足度を下げているため、改善が求められるにゃ。

2. 即応策  
短期的には、休館日を明記したカレンダーを公式サイトやSNSで共有し、事前に告知するにゃ。また、イベントや特別展示を多く開催し、訪問の動機を増やすことも有効にゃ。

3. 期待効果  
これにより、訪問者の不満が軽減され、満足度や再訪率が向上すると期待できるにゃ。特に家族連れの来訪が増加する可能性が高いにゃ。

4. SNS発信用キャッチコピー例  
家族連れ：親子で探求！松井秀喜の世界に触れよう！  
若年層：友達と楽しむ！松井秀喜ミュージアムで特別体験を！  
高齢層：懐かしの名場面を再体験！思い出を語る瞬間を一緒に！

5. 追加の収益施策アイデア  
中期的には、特別展示やワークショップを有料化し、限られた受講者を対象にして収益を上げるにゃ。また、地元の飲食店と連携して、来館者に特別割引を提供することで、互いの集客を促進する施策も考えられるにゃ。"
加賀友禅会館（加賀友禅ミュージアムそめりあ）	2人組	中年層	中部	700～1,000万円未満	3	2人組	高齢層	四国	400万円未満	2	その他	中年層	中部	1,000万円以上	2	
加賀屋	2人組	若年層	中部	400万円未満	4	2人組	中年層	関東	400～700万円未満	2	2人組	高齢層	中国	700～1,000万円未満	2	
加賀市観光情報センター　KAGA旅・まちネット	2人組	高齢層	近畿	400万円未満	6	2人組	若年層	関東	400～700万円未満	5	2人組	中年層	中部	400万円未満	3	"1. 評価ポイント・改善ポイント
   - 施設の雰囲気や体験が非常に良いとの声が多く、訪問者が楽しめたことは素晴らしいにゃ。しかし、スタンプや出口の案内不足が混乱を招いているため改善が必要にゃ。

2. 即応策（短期）
   - スタンプラリーを導入し、来館者に楽しみを提供するにゃ。また、マルシェ会場や出口を示す案内板を増設するにゃ。

3. 期待効果
   - スタンプラリーの導入により訪問者の満足度向上、再訪率の増加が期待できるにゃ。また、明確な案内が人の流れを改善し、混雑緩和にも寄与するにゃ。

4. SNS発信用キャッチコピー例
   - 高齢層2人組：『穏やかな時間、特別な発見を！』
   - 若年層2人組：『マルシェの魅力、Instagramで見つけよう！』
   - 家族連れ：『家族みんなで楽しむ、思い出づくりの場所！』

5. 追加の収益施策アイデア
   - スタンプラリー参加者に特典を用意して地元店舗での買い物を促進するにゃ。さらに、マルシェでの特別イベントを定期的に開催することで、来場者数の増加を図るにゃ。"
北陸自動車道　尼御前ＳＡ（上り）	2人組	中年層	中国	400～700万円未満	2	2人組	若年層	近畿	700～1,000万円未満	2	家族連れ	若年層	近畿	400～700万円未満	2	
北陸自動車道　尼御前ＳＡ（下り）	2人組	中年層	近畿	400～700万円未満	5	2人組	高齢層	中部	700～1,000万円未満	4	2人組	若年層	中部	400～700万円未満	2	
千里浜レストハウス	2人組	高齢層	関東	400万円未満	6	2人組	若年層	関東	400万円未満	5	2人組	中年層	関東	400～700万円未満	4	"1. 評価ポイント・改善ポイント（2〜3行）
お土産の品揃えが豊富で、景色も素晴らしいとの高い評価を得ているにゃ。しかしながら、施設内の案内やサービスについては改善の余地があるにゃ。

2. 即応策（低コストでできる具体的な行動）
短期的には、案内表示の見直しを行い、特に英語表記を増やすことで国内外の観光客に優しい環境を整えるにゃ。中期的には、スタッフの接客研修を実施し、顧客対応を強化するにゃ。

3. 期待効果（満足度・再訪率など）
案内がわかりやすくなることで、顧客満足度が向上し、再訪率が増加することが期待できるにゃ。また、スタッフの接客改善により、口コミ評価も向上するにゃ。

4. SNS発信用キャッチコピー例
   - 中年層：人生の景色を共に楽しむ旅、ここにあるよ。
   - 若年層：友達と一緒に素敵な思い出を作ろう！
   - 高齢層：心に残る景色とともに、思い出をひろげよう。

5. 追加の収益施策アイデア
地域の特産物を使用した体験型イベントを月に一度開催し、参加費を設定することで収益を上げる施策や、オンラインショップでお土産を販売する方針を採用するにゃ。"
和倉温泉-総湯-	友人	若年層	関東	400万円未満	3	2人組	若年層	中部	400万円未満	2	家族連れ	中年層	中部	400～700万円未満	2	
和倉温泉お祭り会館	2人組	中年層	中部	400～700万円未満	5	友人	高齢層	関東	400～700万円未満	3	団体	高齢層	中部	400～700万円未満	3	"1. 評価ポイント・改善ポイント  
親切なスタッフと清潔感が強く評価されているにゃ。また、能登のお土産や美味しい食べ物が揃っているのも素晴らしいにゃ。一方で、店舗の閉店時間が早く、訪問者が不便を感じる場面があるので改善が必要にゃ。 

2. 即応策  
短期（2〜4週間以内）： 施設の閉店時間を見直し、主要なお店の営業時間を延長することを検討するにゃ。  
中期（半年以内）： お土産の地方特産品を紹介するポップアップイベントを企画して、訪問者が楽しめるようにするにゃ。  

3. 期待効果  
閉店時間が延びることで、観光客の利便性が向上し、再訪率が高まるにゃ。また、ポップアップイベントで楽しい体験を提供することで、満足度が向上し、口コミを通じて新たな訪問者が増えることが期待できるにゃ。  

4. SNS発信用キャッチコピー例  
高齢層2人組： 「親切なスタッフと地域の魅力を体験しに来てください！」  
中年層ひとり： 「一人旅を満喫するなら、能登の隠れた魅力を発見しよう！」
高齢層友人： 「友人との思い出作りにピッタリな場所、ここにあります！」

5. 追加の収益施策アイデア  
地元の住民と観光客が交流できるワークショップや体験イベントを開催し、参加費を徴収するにゃ。地産地消の料理教室や伝統工芸体験など、訪問者が新しい経験を得られる施策を展開することで、収益を上げることができるにゃ。"
和倉温泉観光案内所	2人組	若年層	関東	400万円未満	3	ひとり	中年層	関東	1,000万円以上	2	家族連れ	中年層	中部	1,000万円以上	2	
和餐　伸	2人組	中年層	中部	1,000万円以上	3	友人	高齢層	中部	400～700万円未満	3	2人組	若年層	中部	400～700万円未満	2	
変なホテル　小松駅前	同僚	中年層	関東	1,000万円以上	4	ひとり	中年層	近畿	1,000万円以上	3	2人組	中年層	中部	1,000万円以上	2	"1. 評価ポイント・改善ポイント  
喫煙所のニーズに対する配慮が不足しており、特に喫煙者からの不満が寄せられています。喫煙所を増設することで、より多くの来訪者の快適さを向上させる必要がありますにゃ。

2. 即応策  
短期（2〜4週間以内）：喫煙所の場所を明確に表示した案内板を設置し、喫煙所の利用頻度を調査するにゃ。  
中期（半年以内）：新たに喫煙所を1つ増設し、混雑を緩和させることを目指すにゃ。

3. 期待効果  
来訪者の満足度が向上し、喫煙者の再訪率も改善されることが期待されますにゃ。

4. SNS発信用キャッチコピー例  
ペルソナ名称1：若い食探求者「美味しい発見が待っている、仲間と一緒に忘れられない時間を！」  
ペルソナ名称2：キャリアを築いたソロ旅人「一人の時間が、最高のリフレッシュに。」  
ペルソナ名称3：シニアの贅沢探求者「穏やかな時間を楽しむ、特別な場所でのひととき。」

5. 追加の収益施策アイデア  
喫煙者専用の飲料スタンドを設け、喫煙所内で飲み物を販売することで収益を上げる施策を考えると良いにゃ。また、特別なイベントデーを設けて、リピーターを増やす工夫もできますにゃ。"
夢ミルク館（ホリ牧場）	2人組	若年層	中部	400～700万円未満	11	家族連れ	若年層	中部	400万円未満	10	家族連れ	中年層	中部	700～1,000万円未満	6	"1. 評価ポイント・改善ポイント（2〜3行）
この施設は、餌やり体験や美味しいソフトクリームなど、ユニークな体験を提供しており、訪問者から高評価を得ているにゃ。また、スタッフの対応や美術館も好評で、景観や静けさが満足度を高めているにゃ。一方、雨の日の過ごし方や、季節ごとの体験の工夫が求められているにゃ。

2. 即応策（低コストでできる具体的な行動）
- 短期：雨天時のアクティビティとして、室内で動物関連のワークショップを実施し、予約制で受講できるようにするにゃ。
- 中期：季節ごとの特別イベントや体験（秋の収穫祭、冬の雪遊びなど）を計画し、SNSやチラシで広報するにゃ。

3. 期待効果（満足度・再訪率など）
雨の日の体験が加わることで、訪問者の満足度が向上し、再訪率が高まるにゃ。また、季節ごとのイベントで新たなニーズを掴むことができるため、リピーターの増加と口コミの増加も期待できるにゃ。

4. SNS発信用キャッチコピー例
- ペルソナ名称1（中年層2人組）：仲間との特別な時間、非日常の体験が待っている！
- ペルソナ名称2（家族連れ若年層）：家族みんなで楽しむ、忘れられない思い出がここに！
- ペルソナ名称3（中年層その他）：落ち着いたひととき、自然に包まれてリフレッシュしよう！

5. 追加の収益施策アイデア
- 動物餌やり体験や美術館の入場券をセットにしたファミリー向けパッケージ販売を提案するにゃ。また、オリジナルグッズ（動物関連や景観をテーマにした商品）の開発を進め、来場者に購入を促進する施策を取り入れるにゃ。"
大江戸温泉物語 あわづグランドホテル	家族連れ	若年層	中部	700～1,000万円未満	8	2人組	中年層	中部	400万円未満	6	2人組	高齢層	中部	400万円未満	5	"1. 評価ポイント・改善ポイント 
   - この施設は、広い駐車場や美味しい食事、子供連れに優しい環境が好評ですが、古さや温泉の管理に関して不満が多いにゃ。タイムマネジメントの改善も急務だにゃ。
   
2. 即応策（短期）
   - 設備や温泉の衛生管理を強化し、プールやキッズパークでの安全確認を徹底するにゃ。
   - 食事提供時間の延長やクオリティ向上のため、スタッフ教育を行い、メニューの見直しを実施するにゃ。
   
3. 期待効果
   - 安全で清潔な施設にし、食事の質を向上させることで、満足度や再訪率の向上が期待できるにゃ。

4. SNS発信用キャッチコピー例
   - 家族連れ（中年層）：子どもと一緒に過ごす、心温まるひとときを体験しませんか？
   - 2人組（中年層）：大人もリラックス、特別な週末を過ごすための隠れ家へようこそ！
   - 家族連れ（若年層）：今こそ、思い出を作ろう！家族で楽しむ特別な時間、待ってるにゃ！

5. 追加の収益施策アイデア
   - 季節ごとの特別イベントやワークショップを開催し、追加料金で体験できるプログラムを提供するにゃ。
   - 食事メニューを充実させ、地元の食材を使ったコースを作ることで、ブランド価値を向上させ、付加価値を提供するにゃ。"
大江戸温泉物語 わんわんリゾート　粟津	2人組	若年層	関東	400～700万円未満	3	その他	中年層	近畿	1,000万円以上	3	その他	高齢層	中部	1,000万円以上	1	
大江戸温泉物語 山中彩朝楽	2人組	高齢層	中部	400～700万円未満	9	その他	中年層	中部	400～700万円未満	8	2人組	中年層	中部	1,000万円以上	4	"1. 評価ポイント・改善ポイント  
コスパやスタッフの対応が非常に評価が高く、ゆっくりと過ごせる環境が整っていますにゃ。しかし、施設の古さや付帯設備の改善、朝食の質向上が求められていますにゃ。また、清潔感や部屋の広さも好評ですが、ティーパックの欠如が残念に思われている点も見受けられますにゃ。

2. 即応策  
- 短期（2〜4週間以内）: 簡単な施設内の清掃や整備を行い、特に公共スペースやお風呂を重点的に清掃するにゃ。また、朝食の種類を増やすため、地元の食材を取り入れたメニューを追加するにゃ。ティーパックを常備してお茶が楽しめるようにするにゃ。  
- 中期（半年以内）: 付帯設備のリニューアルや改修計画を立て、施設全体のリフレッシュを図るにゃ。喫煙スペースを整備し、特に喫煙者に配慮した環境作りを行うにゃ。

3. 期待効果  
清掃や設備の改善により、顧客満足度が向上し、再訪率が増加するにゃ。朝食の質が向上すれば、全体の評価が改善され、SNSでの投稿も増えるため、集客につながる可能性があるにゃ。ティーパックの提供により、細やかな気配りが感じられ、高評価を得られるにゃ。

4. SNS発信用キャッチコピー例  
- 高齢層：リラックスした時間を、ここで過ごしませんか？  
- 中年層：美味しい食事と共に、特別なひとときをお約束！  
- 若年層：友達とシェアできる最高のコスパ体験、見逃せないよ！

5. 追加の収益施策アイデア  
- 地元の特産品を使用した特別な体験イベント（例：料理教室や地元の漁師との交流会）を開催し、参加費を設定するにゃ。  
- オンラインストアを立ち上げ、地元の特産物や宿泊プランを販売するにゃ。これにより、顧客の住む地域に戻った際にも思い出を提供できる機会を作るにゃ。"
大江戸温泉物語 山代彩朝楽	2人組	若年層	中部	400万円未満	5	2人組	中年層	中部	400～700万円未満	4	2人組	高齢層	中部	400～700万円未満	4	"1. 評価ポイント・改善ポイント
施設の整備状況やスタッフの対応が高く評価されているのは素晴らしい点にゃ。一方で、食事や風呂の質に関して改善の余地が見受けられるにゃ。

2. 即応策（短期：2〜4週間以内）
- メニューの見直しを行い、地元食材を使用した料理を追加するにゃ。
- お風呂の清掃頻度を増やし、入浴後の爽快感を向上させるにゃ。

3. 期待効果
満足度の向上により、再訪率が上がり、口コミでの評価も改善されることが期待できるにゃ。

4. SNS発信用キャッチコピー例
　若年層：「友達と特別なひとときを～癒しの温泉、楽しめるグルメも！」
　中年層：「リフレッシュしながら、贅沢なひとときをあなたに。」
　高齢層：「穏やかな時と共に、心温まる料理をどうぞ。」

5. 追加の収益施策アイデア
- 地元の特産品を使ったお土産コーナーを設置し、訪問客に地域の魅力を提供するにゃ。
- 温泉の利用回数券を販売し、リピーターを増やすきっかけにするにゃ。

中期（半年以内）改善策
1. お風呂の種類を増やし（例：サウナ・炭酸泉など）、多様なニーズに応えるにゃ。
2. 定期的な顧客アンケートを実施し、慢性的な改善点を把握するにゃ。
3. 地元料理教室や温泉体験イベントを企画し、集客を図るにゃ。"
大江戸温泉物語Premium よしのや依緑園	ひとり	中年層	近畿	700～1,000万円未満	14	2人組	高齢層	中部	400～700万円未満	8	2人組	中年層	中部	700～1,000万円未満	5	"1. 評価ポイント・改善ポイント
立地が良く、周辺の観光地や店舗の散策が楽しめる点は高評価だにゃ。また、スタッフの明るく丁寧な対応に対しても感謝されているにゃ。一方、お部屋の古さや使い勝手、清掃の質向上の余地があり、安全面でも改善が必要な部分があるにゃ。

2. 即応策
短期（2〜4週間以内）：お部屋の清掃の強化と、反響の多い清掃項目（押入れの匂いや洗面所の水の匂い）の改善を優先的に行うにゃ。また、脱衣場の段差に目立つ警告表示を設置するにゃ。  
中期（半年以内）：部屋の改装計画を立て、少なくとも一部屋を新しいデザインでリニューアルするにゃ。耐久性のある家具を選び、使い勝手を改善するにゃ。

3. 期待効果
清掃状態の改善で客室の満足度が向上し、リピート率の増加が期待できるにゃ。また、安全対策が評価されることで再訪者の信頼感が強まるにゃ。

4. SNS発信用キャッチコピー例
中年層ひとり：自分へのご褒美、周辺散策とともにリフレッシュする特別な時間をお過ごしください。  
中年層2人組：大切な人と、ゆったりとした時間をシェア。心温まる宿泊体験を！  
高齢層2人組：思い出深い旅をあなたのペースで、安心して楽しもう！

5. 追加の収益施策アイデア
美食や観光を組み合わせたパッケージプランの提供にゃ。地元の名店とのコラボレーションや、観光ツアーガイドを手配する整備を行い、付加価値を提供し、宿泊と併せて利益を増加させるにゃ。"
大江戸温泉物語Premium 加賀まるや	2人組	中年層	中部	400～700万円未満	2	2人組	若年層	中部	400万円未満	2	家族連れ	中年層	中部	1,000万円以上	2	
大江戸温泉物語Premium 山下家	2人組	高齢層	中部	400万円未満	39	2人組	中年層	中部	400～700万円未満	14	その他	中年層	中部	400～700万円未満	11	"1. 評価ポイント・改善ポイント  
食事や風呂に関する高評価が目立ち、特に蟹の食べ放題やサービスに対する満足度が高いにゃ。しかし、接客や特徴がないという意見もあるため、施設の独自性を強化する必要があるにゃ。

2. 即応策  
【短期（2〜4週間以内）】  
- 特製メニューや季節限定の料理を提供し、食のイベントを開催するにゃ。  
- 経験豊富なスタッフによる料理教室や試食会を実施し、参加者にプチギフトを贈るにゃ。  
【中期（半年以内）】  
- 地元特産品や工芸品を組み合わせた季節のギフトセットを販売するにゃ。  
- 施設内に「体験ゾーン」を設け、地元の文化や物作り体験を提供するにゃ。

3. 期待効果  
新メニューやイベントによって新鮮さを感じたり、リピーター層の増加を図れるにゃ。顧客満足度が向上し、再訪率の増加につながるにゃ。

4. SNS発信用キャッチコピー例  
ペルソナ名称1（高齢層）：ゆったりとした時間、ここに集う。  
ペルソナ名称2（中年層）：記憶に残る美味しさ、心に沁みる景色。  
ペルソナ名称3（若年層）：友達との思い出作り、楽しいひとときが待っている！

5. 追加の収益施策アイデア  
地元の特産品を活用したオンラインショップを開設するにゃ。また、体験型パッケージ（料理教室、工芸体験、自然観察ツアーなど）を販売し、観光需要を喚起するにゃ。さらに、SNSキャンペーンを通じてシェアされた宿泊者に特典を提供することで新規顧客を獲得するにゃ。"
大江戸温泉物語Premium 山中グランドホテル	家族連れ	若年層	中部	400～700万円未満	16	2人組	高齢層	中部	400万円未満	14	その他	中年層	中部	400～700万円未満	9	"1. 評価ポイント・改善ポイント
お風呂や食事のリニューアルにより快適な体験が提供されており、特に満足度が高いです。また、スタッフの親切な対応も評価されています。ただし、館内の移動距離や換気の問題は改善の余地がありますにゃ。

2. 即応策（低コストでできる具体的な行動）
- 館内の移動距離を短縮するための案内サインを増やし、カラフルで目立つデザインにする。
- 換気扇の点検を行い、簡単な清掃を実施する。

3. 期待効果（満足度・再訪率など）
館内の案内サインを改善することで、迷子になる不安が軽減され、ストレスなく楽しめる体験が提供されます。結果として、再訪率の向上が期待されますにゃ。

4. SNS発信用キャッチコピー例
- 高齢層向け：温泉で癒やされ、高齢層の方も安心して楽しむ時間を
- 若年層家族向け：家族みんなで楽しめる、思い出に残る温泉体験
- 中年層向け：おしゃれで快適なひとときを。美味しいグルメと共に楽しみましょう

5. 追加の収益施策アイデア
- 地元の食材を使った料理教室を開催し、参加者に宿泊割引を提供することで、料理の楽しみを増やしつつ宿泊を促進する施策にゃ。"
妙立寺	2人組	中年層	関東	1,000万円以上	5	2人組	若年層	関東	1,000万円以上	5	その他	中年層	中部	700～1,000万円未満	3	
安江金箔工芸館	2人組	中年層	関東	700～1,000万円未満	3	2人組	若年層	関東	400～700万円未満	2	2人組	高齢層	関東	400～700万円未満	1	"1. 評価ポイント・改善ポイント（2〜3行）
展示内容が充実しており、金箔の歴史や作成手順が分かりやすく、来訪者から高い評価を得ているにゃ。ただし、一般的に「安い」という評価が多い反面、他に比べてのユニークさや特別感がもう少し必要と感じられるにゃ。

2. 即応策（低コストでできる具体的な行動）
短期（2〜4週間以内）：展示内容の中で「金箔づくり体験」を短期間で実施するイベントを行い、参加者に体験価格を安く設定するにゃ。
中期（半年以内）：お土産ショップで金箔関連アイデア商品の販売を強化し、他にはないラインナップを魅力的にするにゃ。

3. 期待効果（満足度・再訪率など）
展示体験を強化することで満足度が向上し、特別感を持たせることで、口コミやSNSでの共有が増えるにゃ。再訪率も向上することが期待できるにゃ。

4. SNS発信用キャッチコピー例
ペルソナ名称1：『「マリッジパートナー」金箔体験で二人の絆を結ぼう！』
ペルソナ名称2：『「刺激を求める探求者」一歩踏み出して、金箔の魅力に触れてみよう！』
ペルソナ名称3：『「思い出を大切にする旅人」ここで見つける、金箔の美しさと感動のひととき』

5. 追加の収益施策アイデア
新たな収益源として、金箔をテーマにしたワークショップの定期開催や、体験した金箔を使ったアート作品作成講座を提供することで、参加費を収益化する施策を考えるにゃ。"
小松カントリークラブ	友人	中年層	中部	700～1,000万円未満	6	同僚	中年層	中部	700～1,000万円未満	4	友人	高齢層	中部	400～700万円未満	3	"1. 評価ポイント・改善ポイント  
施設の環境が整っていることが好評で、特に緑が多い点は訪問者に支持されています。しかし、トイレの水の流れが悪いという問題も指摘されており、快適さを損なう要因となっていますにゃ。

2. 即応策  
短期的には、トイレの水の流れを改善するために専門業者を呼んで点検・修理を行うことを考えています。また、観光期間中は定期的にトイレの点検を行うルーチンを設定するにゃ。

3. 期待効果  
トイレの快適さが向上すれば、訪問者の満足度が高まり、再訪率も向上することが期待できますにゃ。

4. SNS発信用キャッチコピー例  
ペルソナ名称1（中年層・友人同伴・高年収）：友と過ごす緑の楽園、贅沢なひとときを今すぐ体験！  
ペルソナ名称2（中年層・同僚同伴・中年収）：仕事帰りにリフレッシュ、チームで作る素敵な思い出を！  
ペルソナ名称3（中年層・2人組・高年収）：特別な人と巡る緑のオアシス、心に残る休日を楽しもう！

5. 追加の収益施策アイデア  
中期的には、訪問者に対して特別なプレミアムツアーを用意し、施設全体を深く楽しむ体験を提供することで、利益を上げる施策を考えていますにゃ。"
小松市観光交流センター Komatsu九	ひとり	中年層	関東	400～700万円未満	11	2人組	中年層	関東	1,000万円以上	10	2人組	若年層	近畿	400～700万円未満	8	"1. 評価ポイント・改善ポイント  
お土産の質が高く、親切なサービスが行き届いている点を評価していますにゃ。その一方で、お土産のバリエーションが不足しているとの声があるため、取り組む必要がありますにゃ。

2. 即応策（低コストでできる具体的な行動）  
短期：地元の人気商品や、観光施設専用のお土産を追加し、品揃えを充実させるにゃ。  
中期：新しい季節限定の土産物を定期的に入荷し、リピーターを増やす工夫をするにゃ。

3. 期待効果  
お土産の原材料やテーマに合わせたバリエーションを増加させることで、訪問者の満足度や再訪率が向上することが期待できるにゃ。

4. SNS発信用キャッチコピー例  
中年層（2人組）：""絆を深める、魅力的なお土産探しをしよう！""  
若年層（2人組）：""友達と一緒にシェアしたくなるお土産がここに！""  
中年層（ひとり）：""一人でも楽しめる、あなたのためのお土産探し！""

5. 追加の収益施策アイデア  
観光施設内でのワークショップや地元の特産品を使った料理教室などを企画し、観光客からの参加費を収益に繋げるにゃ。"
小松空港	ひとり	中年層	関東	1,000万円以上	84	2人組	中年層	関東	1,000万円以上	79	2人組	若年層	関東	400～700万円未満	54	"1. 評価ポイント・改善ポイント  
施設の清潔さや親切なスタッフへの高い評価が目立ち、自然豊かな環境も魅力的であるにゃ。また、魅力的なお土産や美味しい食事で多くの来訪者が楽しんでいる反面、特定のカテゴリ（例：お土産の種類やレストランの営業時間）に関する不満が見受けられるにゃ。これらを改善することで、リピート率向上が期待できるにゃ。

2. 即応策  
短期：1) お土産屋のラインナップを見直し、特に人気のお菓子や地元の特産品を増やすにゃ。2) レストランの営業時間を延長し、観光客が帰る時間帯でも利用できるようにするにゃ。3) スタッフによるお土産の小分け用袋の提供を開始するにゃ。  
中期：1) うさぎの飼育状況を可視化するための展示を整備し、訪問者が直接触れられるような機会を増やすにゃ。2) タクシー・レンタカー乗降場を訪問者が使いやすい位置に改善するにゃ。3) 充電器設置スペースを充実させるにゃ。

3. 期待効果  
来訪者の満足度が向上し、再訪率も高まるにゃ。特に、手軽に買えるお土産の充実や飲食の魅力向上により、滞在時間を長くしやすくなるにゃ。

4. SNS発信用キャッチコピー例  
- 中年層2人組：金沢の美味しさを満喫！親切なスタッフと共に、ここでしか味わえない体験を！  
- 若年層ひとり：歴史と自然を感じながら、心ゆくまで買い物と美食を楽しもう！金沢で特別なひとときを。

5. 追加の収益施策アイデア  
1) 地元特産品のサブスクリプションボックスを提供し、訪問者が自宅でも金沢の味を楽しめるにゃ。2) うさぎとのふれあい体験を有料化し、家族連れをターゲットに特別プログラムを実施するにゃ。3) 地元のアーティストによるワークショップイベントを定期開催し、参加費を設定することでさらに集客を狙うにゃ。"
尾山神社	2人組	若年層	関東	400～700万円未満	20	2人組	中年層	関東	700～1,000万円未満	13	2人組	高齢層	関東	400万円未満	8	"1. 評価ポイント・改善ポイント
施設の建築様式や夜のライトアップが評価されており、雰囲気が良いとされています。しかし、案内が不十分で、特にバスの本数や交通案内がわかりづらいとの意見があります。この点を改善する必要があるにゃ。

2. 即応策（短期：2〜4週間以内）
- 館内案内図を目立つ場所に設置し、スタッフに交通案内を強化するための研修を行うにゃ。
- 館内やSNSで具体的な交通手段やバスの本数を掲載したリーフレットを配布するにゃ。

3. 期待効果
来館者が迷わずスムーズに施設を楽しむことができ、満足度が向上し、再訪率も増加するにゃ。

4. SNS発信用キャッチコピー例
- 若年層ペルソナ：待ち合わせはこのスポットで！SNS映え抜群の空間を楽しもう！
- 中年層ペルソナ：この秋、歴史と文化を感じる特別なひとときをご体験ください。
- 高齢層ペルソナ：静寂と美が広がる場所でのんびり過ごしませんか？

5. 追加の収益施策アイデア
- 限定メニューの提供や、特定の季節に合わせたイベントを開催し、食の体験を充実させるにゃ。地元の特産物を使った料理教室なども人気が出るかもしれないにゃ。"
屋内木育施設 もりのひみつきち	家族連れ	若年層	中部	400～700万円未満	28	家族連れ	中年層	中部	400～700万円未満	15	家族連れ	高齢層	中部	400万円未満	2	"1. 評価ポイント・改善ポイント
   施設は、子供が天候に関わらず楽しく遊べる環境が整っていることが多くの訪問者から高く評価されているにゃ。また、施設全体が清潔である点も印象が良いにゃ。しかし、大きな子供や中年層、高齢層向けのアクティビティやサービスが不足しているため、改善の余地があるにゃ。

2. 即応策（低コストでできる具体的な行動）
   - 短期（2〜4週間以内）：大きな子供向けにスポーツやアドベンチャー系のイベントを開催し、中年層や高齢層向けに体験型ワークショップを実施するにゃ。
   - 中期（半年以内）：ファミリー向けのパッケージプランを開発し、特典を設けることで再訪促進を図るにゃ。

3. 期待効果（満足度・再訪率など）
   親子連れがより多くのアクティビティに参加しやすくなり、全体の満足度が向上することで再訪率が20%向上することが期待できるにゃ。

4. SNS発信用キャッチコピー例
   - 家族連れ（若年層）：親子で冒険しよう！天候を気にせず楽しい思い出を作れる場所に来てみてね！
   - 家族連れ（中年層）：一緒に楽しむ時間が、家族の絆を深める。新しい体験が待っているよ。
   - 家族連れ（高齢層）：思い出を共有する場、ここにあり！家族全員で楽しめる体験を今、始めよう！

5. 追加の収益施策アイデア
   - 地元の飲食店や製品とコラボして、特別メニューやセットを販売することで、相互に集客し収益を向上させるにゃ。また、季節ごとのイベントや特別ディスカウントデーを設けることで、来場者を増やす施策も有効にゃ。"
山中温泉総湯（菊の湯）	2人組	若年層	中部	1,000万円以上	3	2人組	中年層	中部	1,000万円以上	1	その他	高齢層	中部	400～700万円未満	1	
山代温泉　総湯	2人組	中年層	中部	700～1,000万円未満	7	2人組	若年層	関東	1,000万円以上	5	友人	中年層	中部	400～700万円未満	5	"1. 評価ポイント・改善ポイント
　施設の清潔感やスタッフのフレンドリーさ、温泉の質が高く評価されているにゃ。しかし、入場券購入後の窓口がわかりにくいという意見があるため、案内表示の改善が必要だにゃ。

2. 即応策
　短期的には、窓口付近に視認性の高い案内サインを設置し、訪問者がスムーズに手続きを行えるようにする行動が取れるにゃ。中期的には、窓口の位置や動線を見直し、より分かりやすいレイアウトに再配置することが効果的にゃ。

3. 期待効果
　案内表示の改善により、訪問者の満足度が向上し、再訪率も高まるにゃ。特にストレスが減ることで、他のサービスに対する評価も向上することが期待できるにゃ。

4. SNS発信用キャッチコピー例
　若年層：友達と一緒に素敵な思い出を作ろう！新しい発見が待ってるよ
　中年層：特別な休日を過ごすなら、心和む温泉体験はいかがですか
　高齢層：ゆったりとした時間を取り戻す、癒しのひととき

5. 追加の収益施策アイデア
　季節ごとのイベントや特別プランを企画し、プロモーションを強化することで集客を促進にゃ。例えば、地域の特産物を使った料理フェアや、リラックスをテーマにしたワークショップを開催することで新たな収益源を開拓することができるにゃ。"
日本自動車博物館	2人組	若年層	中部	400～700万円未満	6	2人組	中年層	中部	400万円未満	5	その他	中年層	中部	700～1,000万円未満	4	"1. 評価ポイント・改善ポイント
   施設では可愛い動物や多様な車両展示が好評で、親切なスタッフの対応も利用者から高く評価されているにゃ。一方、トイレの設備が不満の声を上げているため、改善が必要にゃ。

2. 即応策（短期：2〜4週間以内）
   - トイレにウォシュレットの設置を進め確保するにゃ。
   - 利用者からのフィードバックボックスを設置し、改善点を集めるにゃ。
   - SNSやサイトでの特別イベント告知を強化し、訪問意欲を高めるにゃ。

3. 期待効果
   トイレの改善により、満足度が向上し、再訪率も増加することが期待できるにゃ。また、特別イベントの告知で集客が促進されるにゃ。

4. SNS発信用キャッチコピー例
   - 中年層（2人組）：友達と一緒に懐かしの車や動物たちに会いに行こう！
   - 若年層（2人組）：愛車の魅力を語る、特別な一日をシェアしよう！
   - 家族連れ：家族で笑顔を作れる、思い出の楽しい時間を過ごそう！

5. 追加の収益施策アイデア
   駐車場での愛車展示会を定期的に開催し、参加費を設定するにゃ。また、特定の車両をテーマにしたフォトコンテストを実施して、優勝者には特典を提供するにゃ。これにより、施設のブランド価値が向上し、集客も増えるにゃ。"
昭和湯治の宿 緑華苑	2人組	中年層	中部	400万円未満	4	2人組	高齢層	中部	1,000万円以上	3	2人組	若年層	中部	400～700万円未満	2	"1. 評価ポイント・改善ポイント
温泉の質が高く、蕎麦打ち体験が好評を得ている点は素晴らしいにゃ。ただし、飲食サービスが少ないため、一部のお客様が不便を感じているとのことなので、充実させる余地があるにゃ。

2. 即応策
短期的には、地元の食材を使った軽食やドリンクメニューを週末限定で増やして提供するにゃ。中期的には、他の体験（例：地元文化体験など）を追加することで多様な選択肢を増やすにゃ。

3. 期待効果
軽食やドリンクメニューの追加により、満足度が向上し、再訪率が増加することが期待できるにゃ。また、他の体験を追加することで、リピート客が増えるかもしれないにゃ。

4. SNS発信用キャッチコピー例
ペルソナ名称1：中年層のカップルが楽しむ、素敵な温泉デート
「温泉で心も体も癒される、至福のひとときを」

ペルソナ名称2：高齢層のお友達との旅行
「たまには、心温まる蕎麦打ち体験がオススメ」

ペルソナ名称3：高齢層の友人とともに楽しむリトリート
「穏やかな時間が流れる、心地よい隠れ家のような温泉」

5. 追加の収益施策アイデア
温泉や蕎麦打ち体験を活かして、ギフト券や体験セットを販売するにゃ。また、特別イベント（例：蕎麦祭りや温泉音楽祭）を開催して入場料を収益に繋げる施策も考えられるにゃ。"
月うさぎの里	家族連れ	若年層	中部	400～700万円未満	23	家族連れ	中年層	中部	400～700万円未満	13	2人組	若年層	中部	400万円未満	8	"1. 評価ポイント・改善ポイント  
ソフトクリームの美味しさや、うさぎとの触れ合いの体験が高く評価されています。一方で、飲食選択肢が減少していることや現金支払い限定が不便という意見が目立ちます。これを改善することでより多くの来場者満足を得られるでしょうにゃ。

2. 即応策  
- **短期施策（2〜4週間以内）**: 飲食コーナーの新メニューを追加し、手軽に食べられるスイーツや軽食を導入します。  
- **現金以外の支払い方法を導入**: QRコード決済やクレジットカード対応を検討し、利便性を向上させますにゃ。

3. 期待効果  
飲食選択肢が増えることで来場者の満足度が向上し、再訪率も高まることが期待されます。また、現金以外の決済方法を導入することで、手間が減りリピーターが増える可能性がありますにゃ。

4. SNS発信用キャッチコピー例  
- 家族連れ：親子で楽しめる！うさぎとソフトクリームの楽園へようこそ  
- 中年層2人組：大人も楽しめる癒しの時間、うさぎと触れ合いながらリラックス  
- 若年層2人組：インスタ映え確実！かわいいうさぎと美味しいソフトクリームを満喫

5. 追加の収益施策アイデア  
- **特別イベントの開催**: うさぎとのふれあい教室や、親子ワークショップなどの体験イベントを定期的に開催し、参加費を設定します。  
- **オリジナル商品販売**: うさぎをモチーフにしたグッズやソフトクリームの関連商品を販売し、土産としての需要を高めますにゃ。"
東横イン金沢兼六園香林坊	2人組	若年層	中部	400～700万円未満	4	ひとり	中年層	近畿	400万円未満	2	2人組	高齢層	中国	400～700万円未満	1	
気多大社	2人組	中年層	関東	400～700万円未満	5	2人組	若年層	中部	400～700万円未満	3	ひとり	中年層	中部	400万円未満	3	"1. 評価ポイント・改善ポイント
施設の雰囲気や清潔感が高く評価されており、お手洗いもキレイとのことにゃ。この点を保ちつつ、原生林の魅力をさらに引き出す活用方法に注目する必要があるにゃ。

2. 即応策
短期的に、原生林を楽しむ散策ツアーを企画し、ガイドを配置してその魅力を伝えるにゃ。また、SNSで参加者の声を紹介して集客を促進するにゃ。

3. 期待効果
訪問者の満足度が向上し、再訪率が上がるにゃ。特に自然が好きな中年層のリピーターが期待できるにゃ。

4. SNS発信用キャッチコピー例
ペルソナ名称1：『自然愛好家のあなたに、原生林の静けさをご提供』
ペルソナ名称2：『若年層の冒険者へ、仲間と共に新しい発見を！』
ペルソナ名称3：『ひとり旅の貴方へ、心癒されるひとときを』

5. 追加の収益施策アイデア
中期的には、特別イベントやワークショップ（例：森のアートや地元の食材を使った料理教室）を開催し、参加費を徴収することで新たな収益源を開拓するにゃ。これにより、客層の多様化も期待できるにゃ。"
河内じばさん	2人組	中年層	中部	700～1,000万円未満	8	2人組	高齢層	中部	400万円未満	6	その他	中年層	中部	400万円未満	3	
法師旅館	2人組	高齢層	中部	400万円未満	17	2人組	若年層	中部	400～700万円未満	11	2人組	中年層	近畿	700～1,000万円未満	9	"1. **評価ポイント・改善ポイント**
   温泉や食事、サービスの質が高く、特にスタッフのおもてなしが好評で素晴らしいにゃ。一方で、部屋の照明が暗いという意見や、コンセントの不足、小学生向けの食事内容に改善点があるにゃ。

2. **即応策**
   - **短期（2〜4週間以内）**: 部屋の照明を明るいタイプに変更し、小学生向けのミニ会席メニューを再考して、より多様な選択肢を提供するにゃ。
   - **中期（半年以内）**: 部屋ごとに最低限のコンセント数を確保し、説明書も作成しておくことで、特に海外からの宿泊客への配慮を強化するにゃ。

3. **期待効果**
   照明の改善と食事の充実により満足度が向上し、再訪率が高まるにゃ。また、特に若年層や中年層からの評価が上がることで、SNSなどでの拡散効果も期待できるにゃ。

4. **SNS発信用キャッチコピー例**
   - **中年層ペルソナ**: 「温泉とおもてなしの極み、心癒やされる時間を」
   - **若年層ペルソナ**: 「友達とシェアする、特別な温泉体験を」
   - **高齢層ペルソナ**: 「懐かしい雰囲気と温泉で、心豊かなひとときを」

5. **追加の収益施策アイデア**
   地場産の特産品や温泉関連の雑貨を販売するコーナーを設置し、宿泊客が気軽に購入できるようにするにゃ。また、宿泊プランにアクティビティを組み込むことで、更なる付加価値を提供するにゃ。"
温泉めい想倶楽部　富士屋旅館	2人組	若年層	中部	400～700万円未満	4	家族連れ	若年層	中部	400～700万円未満	4	2人組	高齢層	中部	400万円未満	3	
湖畔の宿　森本	2人組	若年層	近畿	400万円未満	7	2人組	中年層	中部	1,000万円以上	3	2人組	高齢層	関東	1,000万円以上	3	
湯快リゾート 縁起の宿 矢田屋松濤園	2人組	中年層	近畿	700～1,000万円未満	3	2人組	若年層	中部	400～700万円未満	2	その他	中年層	中部	400～700万円未満	1	
片山津温泉　総湯	2人組	若年層	関東	1,000万円以上	5	その他	中年層	中部	700～1,000万円未満	3	ひとり	中年層	関東	700～1,000万円未満	3	
白山一里野温泉スキー場	2人組	若年層	中部	400万円未満	4	家族連れ	中年層	中部	1,000万円以上	4	その他	中年層	中部	1,000万円以上	2	
白山比咩神社	2人組	中年層	中部	1,000万円以上	8	2人組	若年層	中部	400万円未満	8	ひとり	中年層	中部	400万円未満	7	
白峰温泉総湯	2人組	中年層	中部	400～700万円未満	6	2人組	高齢層	中部	400～700万円未満	6	2人組	若年層	中部	400万円未満	3	"1. 評価ポイント・改善ポイント
施設は露天風呂や美しい景色を提供し、ご利益を感じられる点が強みです。また、天候に関係なく子供が遊べる環境も評価されていますが、お湯が熱すぎるという意見が出ているため、温度管理の改善が必要にゃ。

2. 即応策（低コストでできる具体的な行動）
短期的には、露天風呂の温度調整を行い、適温を維持することで皆が快適に利用できるようにするにゃ。中期的には、美味しいご飯屋さんとのコラボイベントを開催し、周辺の飲食店を紹介するパンフレットを作成するにゃ。

3. 期待効果
この改善策を実施することで、満足度が向上し、再訪率の増加が期待できるにゃ。また、露天風呂の快適さが向上すれば、口コミでの評価も良くなるにゃ。

4. SNS発信用キャッチコピー例
- 中年層2人組：自然に囲まれた露天風呂で、心も体もリフレッシュ！
- 若年層2人組：友達と一緒に楽しむ、最高の休日ストーリーを！
- 中年層友人：囲炉裏風呂で心一体になろう！お湯と美味を楽しむ旅に出かけよう！

5. 追加の収益施策アイデア
お湯の熱さを利用した「温泉療法プログラム」や「露天風呂での夜間イベント」を企画し、その参加費用を設定することで、新たな収益源を生み出すにゃ。また、密を避けながら楽しめるプライベート露天風呂の提供なども検討できるにゃ。"
眠音ホテル	2人組	若年層	中部	1,000万円以上	2	友人	中年層	沖縄	400～700万円未満	2	家族連れ	若年層	中部	400～700万円未満	2	"1. 評価ポイント・改善ポイント
お客様から細部にわたるサービスや寝具の質に高評価をいただいているにゃ。ただ、自動チェックインが高齢者にとって難しいとの声もあるため、利便性向上が課題にゃ。

2. 即応策（短期）
高齢者向けに自動チェックインのサポートを提供し、スタッフが手動でチェックインを行うオプションを設けるにゃ。

3. 期待効果
高齢者を含む幅広い客層の満足度向上につながり、再訪率をアップする効果が期待できるにゃ。

4. SNS発信用キャッチコピー例
ペルソナ名称1（若年層2人組）：友達と過ごす贅沢な休日を、ここで体感しよう！
ペルソナ名称2（中年層友人）：沖縄からの友達との特別な瞬間、ぜひお見逃しなく！
ペルソナ名称3（高齢層2人組）：おじいちゃんおばあちゃんも安心！心温まるひとときを。

5. 追加の収益施策アイデア
高齢者向けのチェックインサポートや、周辺観光ツアーを組み合わせたパッケージプランを提供することで、ゲストの滞在を充実させる施策にゃ。"
石川県政記念しいのき迎賓館	2人組	若年層	関東	400～700万円未満	7	2人組	中年層	中部	400万円未満	4	ひとり	中年層	関東	400～700万円未満	4	"1. 評価ポイント・改善ポイント  
漆の展示やデザイン展が好評で、施設の美しさや静けさも評価されていますが、活動やイベントが少ないため、滞在期間が短くなってしまっているにゃ。また、スタンプラリーが唯一の活動だと物足りなく感じる声も高いにゃ。

2. 即応策  
短期（2〜4週間以内）：季節イベントやワークショップを開催し、参加者に漆の体験やデザイン制作の機会を提供するにゃ。中期（半年以内）：定期的なテーマ展示や特別イベントを企画し、SNSでの告知を強化して参加者を増やすにゃ。

3. 期待効果  
イベントやワークショップを実施することで、来場者の滞在時間の延長が期待でき、再訪率の向上や満足度の向上につながるにゃ。

4. SNS発信用キャッチコピー例  
- 若年層2人組：一緒に体験する漆の美しさ、感じるデザインの楽しさ！  
- 中年層2人組：静かなひと時、心に残るアートを見に来ませんか？  
- 中年層ひとり：あなたの感性を刺激する、特別な一日をここで。

5. 追加の収益施策アイデア  
地元の特産品やアート作品を取り扱うミニショップを設置し、観光客に向けた土産物販売を行うにゃ。また、施設内でのカフェスペースを充実させ、訪れた人がゆっくりと過ごせるようにすることで、飲食収入の増加も図れるにゃ。"
石川県森林公園三国山キャンプ場	ひとり	中年層	中部	700～1,000万円未満	9	ひとり	高齢層	中部	400～700万円未満	5	2人組	中年層	中部	400～700万円未満	4	
石川県立図書館	家族連れ	中年層	中部	400～700万円未満	27	2人組	若年層	関東	400～700万円未満	24	2人組	中年層	中部	400～700万円未満	19	"1. 評価ポイント・改善ポイント  
施設の美しい建物や豊富な本のラインアップが来館者に好評で、常連客も多いことが伺えます。しかし、バスの便数やロッカーのスペースに関する指摘があり、利便性を向上させる必要がありますにゃ。

2. 即応策  
短期的には、様々な交通手段の情報を公式サイトやSNSで広める企画を立てること、またロッカーのサイズ表示を明確にし、持ち込み可能な荷物の制限をアナウンスすることで、利便性を改善しますにゃ。

中期的には、近隣の交通機関と提携し、観光ルートに組み込んでもらうための協議を行うと効果的ですにゃ。

3. 期待効果  
利用者は利便性が向上すると再訪率が高まり、また、来館者の口コミも向上するため、満足度が増加しますにゃ。

4. SNS発信用キャッチコピー例  
家族連れ：家族で楽しむ、心温まる本の楽園  
若年層2人組：友達と一緒に未知の本探しに出かけよう！  
若年層ひとり：静かな空間で自分だけの読書タイムを楽しんで

5. 追加の収益施策アイデア  
1. 地元作家によるトークイベントやサイン会を開催し、参加費用を設定することで収益を上げますにゃ。  
2. カフェで特製ドリンクやオリジナルスイーツの販売を行い、売上を向上させると良いでしょうにゃ。  
3. 定期的な読書会やワークショップを開催し、参加費を徴収することで、コミュニティ形成の場にしつつ収益化を図りますにゃ。"
石川県立歴史博物館	2人組	中年層	関東	1,000万円以上	24	2人組	若年層	関東	1,000万円以上	19	2人組	高齢層	関東	400万円未満	13	"1. 評価ポイント・改善ポイント  
展示品の充実度やスタッフの接客に高い評価を得ており、リラックスできる休憩空間も好評ですにゃ。一方で、バス停からのアクセスや外国語表示の不足についての不満が見受けられるため、改善が急務ですにゃ。

2. 即応策  
短期（2〜4週間以内）：  
- バス停に施設案内の看板を設置し、方向を明示する。  
- 外国語の展示説明を増やすために、QRコードを利用して多言語での音声解説を提供する。  

中期（半年以内）：  
- 駐車場の導入を検討し、駐車可能台数の増加を図る。  
- 定期的にスタッフの多言語研修を行い、海外のお客様への対応力を向上させる。  

3. 期待効果  
案内の向上により、訪問者の満足度が向上し、再訪率の増加が期待できるにゃ。スタッフの準備により、外国人客にも心地よい空間が提供できることが、リピーターを増やす要因となるにゃ。

4. SNS発信用キャッチコピー例  
中年層カップル：至福のひとときを、歴史とともに感じる場所。  
若年層カップル：友達と一緒に新しい発見が待っている！  
高齢層カップル：穏やかな時間を楽しむ、心温まる場所にゃ。

5. 追加の収益施策アイデア  
- 特別展示やワークショップの有料プログラムを増やし、参加費を設定する。  
- 施設関連の商品（オリジナルグッズや食事メニュー）の販売を検討し、幅広いラインナップを提供するにゃ。"
石川県立美術館	2人組	中年層	関東	1,000万円以上	11	2人組	若年層	関東	700～1,000万円未満	10	ひとり	中年層	中部	400～700万円未満	5	"1. 評価ポイント・改善ポイント  
施設が手入れが行き届いており快適と多くの来館者から好評で、特別展示やカフェの充実度も高く評価されています。ただ、飲料の購入場所に関する不満の声があり、自動販売機の設置を検討する余地がありますにゃ。

2. 即応策  
短期的には、自販機の設置が難しい場合、館内の飲食物提供の案内を明確にし、隣接する店舗の情報も掲載したパンフレットを作成するにゃ。

3. 期待効果  
これにより、来館者の不満を軽減でき、リピーター増加や口コミでの評価向上が期待できますにゃ。

4. SNS発信用キャッチコピー例  
- 中年層2人組：大人のアート旅、特別なひとときをカフェでどうぞ。  
- 若年層2人組：友達と一緒に、アートを巡る特別な日を！  
- 中年層ひとり：あなただけの美術体験、心豊かな時間を過ごしませんか？

5. 追加の収益施策アイデア  
美術展に合わせたワークショップやセミナーの開催、特定のテーマに沿った展示商品の販売を行い、来館者の特別な体験を提供することで追加の収益を確保することが考えられますにゃ。"
石川県立音楽堂	家族連れ	中年層	中部	400～700万円未満	2	2人組	若年層	中部	400～700万円未満	1	2人組	高齢層	中部	400万円未満	1	
石川県観光物産館	2人組	若年層	関東	400～700万円未満	11	その他	中年層	関東	1,000万円以上	8	家族連れ	中年層	関東	1,000万円以上	5	"1. 評価ポイント・改善ポイント
お店の広さや清潔感、応対の丁寧さが好評を得ており、特にお土産購入の場としての満足度が高いにゃ。ただし、タバコ臭の問題や売り切れのアイテムがあるため、対策が必要にゃ。

2. 即応策（短期・2〜4週間以内）
- 清掃や消臭対策を強化し、タバコ臭を減少させるにゃ。特にエントランスや人が多く集まる場所は重点的に行うにゃ。
- 売り切れの商品情報を事前に告知したり、在庫管理を強化することで、事前に顧客にアピールできるようにするにゃ。

3. 期待効果
清潔感が向上し、タバコ臭が軽減されることで、顧客の満足度が高まり再訪率の向上が期待できるにゃ。また、在庫管理の見直しにより、売り切れによる失望感が減少するにゃ。

4. SNS発信用キャッチコピー例
家族連れ：思い出を一緒に、特別な時間をどうぞ！
若年層：友達と行く、新しい発見が待ってる！
その他：歴史を感じ、心に残るひとときを！

5. 追加の収益施策アイデア
- 地元の特産品や体験を活用したワークショップを企画し、参加料を設定することで新たな収益源を創出するにゃ。
- お土産購入時のポイントカード制度を導入し、リピーターを獲得する施策を行うにゃ。"
神子の里	2人組	中年層	中部	400万円未満	7	ひとり	中年層	中部	400万円未満	5	家族連れ	若年層	中部	700～1,000万円未満	4	"1. 評価ポイント・改善ポイント
施設のミルクソフトクリームが非常に好評で、来訪者の満足度が高い点は素晴らしいにゃ。ただし、音楽があまり聞き慣れないものが流れているため、雰囲気作りに工夫が必要かもしれないにゃ。

2. 即応策
短期：訪問者に人気のあるリラックスできるBGMリストを作成し、試験的に流してみるにゃ。
中期：ソフトクリームのクーポンやセルフスタイルの試食会を開催し、クリーム以外も楽しんでもらう工夫をするにゃ。

3. 期待効果
リラックスできる雰囲気が生まれることで、来訪者の満足度が向上し、再訪率が高まるにゃ。また、ソフトクリームのバリエーションを増やすことで、リピーターを増やせる可能性もあるにゃ。

4. SNS発信用キャッチコピー例
ペルソナ名称1：中年層のソフトクリーム好き「リラックスしながら、心と舌を満たす極上甘味」
ペルソナ名称2：若年層のファミリー「家族みんなで楽しめる！特製ミルクソフトで笑顔満点」
ペルソナ名称3：ひとりぼっちのグルメ「ひとりでも愉しめる、特別なソフトクリーム時間」

5. 追加の収益施策アイデア
季節限定フレーバーのソフトクリームを導入したり、専用オンラインショップでソフトクリームの販売を強化することで、さらなる収益アップを図るにゃ。また、ソフトクリーム教室を定期的に開催し、参加費を取ることも良いアイデアかもしれないにゃ。"
穴水駅	2人組	若年層	中部	400万円未満	4	2人組	中年層	関東	1,000万円以上	2	2人組	高齢層	中部	1,000万円以上	1	
能登食祭市場	2人組	高齢層	中部	400万円未満	9	2人組	若年層	中部	400万円未満	7	2人組	中年層	中部	400～700万円未満	5	"1. 評価ポイント・改善ポイント
フードコートのスタッフの接客が非常に高評価を得ており、顧客満足度が向上しています。また、地元の美味しい食べ物や豊富なお土産が魅力となっています。一方、授乳室の手洗い場の清潔感を向上させる必要がありますにゃ。

2. 即応策
短期：（2〜4週間以内）
- 授乳室の手洗い場を定期的に清掃し、清潔感を保つことをスタッフに指導するにゃ。

中期：（半年以内）
- フードコートの親切な接客の事例を表彰するキャンペーンを実施し、スタッフの士気を高めるにゃ。

3. 期待効果
授乳室の清潔感向上による評価の改善が期待され、満足度が高まり、再訪率の向上につながるにゃ。フードコートの接客向上キャンペーンでリピーターが増える可能性もあるにゃ。

4. SNS発信用キャッチコピー例
ペルソナ名称1（若年層2人組）：地元の味を満喫！友達と一緒に楽しもう！
ペルソナ名称2（高齢層2人組）：親切なサービスでおもてなし。ゆったりとしたひと時をお楽しみください。
ペルソナ名称3（中年層2人組）：特別な時間を過ごせる場所。美味しい料理と共にリフレッシュしませんか？

5. 追加の収益施策アイデア
- 地元の食材を使用した料理教室やワークショップを開催し、参加費を徴収することで新しい収益源を確保するにゃ。"
能美ふるさとミュージアム	ひとり	高齢層	関東	400万円未満	2	2人組	若年層	中部	1,000万円以上	1	家族連れ	中年層	中部	1,000万円以上	1	
自家焙煎喫茶 中央茶廊	2人組	中年層	中部	400～700万円未満	7	2人組	若年層	中部	400万円未満	3	ひとり	中年層	中部	400～700万円未満	2	
航空プラザ	家族連れ	若年層	中部	400～700万円未満	21	家族連れ	中年層	中部	400～700万円未満	10	2人組	中年層	中部	400万円未満	3	"1. 評価ポイント・改善ポイント
子供たちが楽しんでいる姿が多く見られ、家族連れからの満足度が高い点が良いにゃ。ただ、もう少し遊び場の多様性や体験型アトラクションを増やすことで、さらに多くのターゲット層を取り込む余地があるにゃ。

2. 即応策（低コストでできる具体的な行動）
短期：景観や体験が楽しめる遊び場を中心に、インフォメーションを増やし、遊び方を紹介する小さなイベントを週末に開催するにゃ。中期：既存のアトラクションに新たなテーマを設けて、リピーター向けの企画を考えるにゃ。

3. 期待効果
子供たちが満足することで家族全体の滞在時間が延び、再訪率が向上するにゃ。また、短期的なイベントでの集客が見込め、口コミによる集客増加が期待できるにゃ。

4. SNS発信用キャッチコピー例
家族連れ層（若年層）：家族みんなで楽しむ二度と忘れられない思い出を作ろう！
家族連れ層（中年層）：家族の絆を深める冒険へ、一緒に出かけよう！
2人組（中年層）：大切な人と過ごす非日常体験、一緒に楽しもう！

5. 追加の収益施策アイデア
限定パッケージの販売や、アトラクションのテーマごとのオリジナルグッズを販売するにゃ。また、地元の飲食店とのコラボメニューを開発し、特別割引を提供することで集客効果を高められるにゃ。"
花嫁のれん館	団体	中年層	中部	400万円未満	5	2人組	中年層	中部	700～1,000万円未満	3	団体	高齢層	中部	400万円未満	3	
茜や	友人	若年層	関東	400～700万円未満	7	ひとり	中年層	中部	400～700万円未満	2	ひとり	若年層	中部	400～700万円未満	2	"### 改善案

1. **評価ポイント・改善ポイント**
   親切で丁寧な対応や、美しい加賀友禅染めの商品に対する高評価は素晴らしいにゃ。また、ご飯の美味しさも訪問者に好評です。しかし、展示物や接客の更なるバリエーションや演出が求められる可能性があるにゃ。

2. **即応策**
   - **短期（2〜4週間以内）**
     1. 来館者の声を活かし、展示内容や販売商品を定期的に入れ替えるイベントを開催するにゃ。
     2. 地元食材を使用した新たなメニューを追加し、SNSで告知するにゃ。
   - **中期（半年以内）**
     1. 定期的なワークショップ（友禅染め体験、料理教室など）を設け、訪問者が文化・体験を深められる場を提供するにゃ。
     2. スタッフの接客スキル向上を目的とした研修プログラムを導入するにゃ。

3. **期待効果**
   来館者の満足度が向上し、再訪率の増加が期待できるにゃ。また、ワークショップの導入によって新たな来客層を獲得し、口コミ効果による集客も見込めるにゃ。

4. **SNS発信用キャッチコピー例**
   - **「友人と一緒に特別なひとときを、金沢の雰囲気を感じる場所で。」**
   - **「孤独な時間を充実させる、一人旅にも最適な体験。」**
   - **「金沢の文化を一緒に楽しもう、あなたの推しが待っている！」**

5. **追加の収益施策アイデア**
   - オンラインストアの開設で加賀友禅や人気商品を販売し、来場できない人々にもアプローチするにゃ。
   - コラボメニューや推しグッズを取り入れた限定パッケージを販売して、ファン層を拡大するにゃ。"
萬松園あいうえおの杜	家族連れ	若年層	中部	400～700万円未満	8	家族連れ	中年層	中部	400～700万円未満	4	2人組	中年層	中部	400～700万円未満	3	
西田幾多郎記念館	2人組	中年層	中部	1,000万円以上	2	2人組	若年層	関東	400～700万円未満	2	2人組	高齢層	中部	400～700万円未満	2	
西茶屋資料館	2人組	若年層	関東	1,000万円以上	9	2人組	中年層	関東	1,000万円以上	6	2人組	高齢層	関東	400万円未満	3	"1. 評価ポイント・改善ポイント
親切な対応が好評で、来館者の満足度を向上させているにゃ。しかし、若年層や中年層向けの魅力的なコンテンツが不足しているため、リピーター増加に向けた工夫が必要にゃ。

2. 即応策（低コストでできる具体的な行動）
短期：特別イベントや割引キャンペーンを設けて、若年層や中年層向けの体験型アクティビティを提供するにゃ。
中期：SNSやウェブサイトを活用し、ターゲット層に合わせた情報発信を行い、集客を図るにゃ。

3. 期待効果（満足度・再訪率など）
特別イベントを通じて、若年層や中年層の満足度向上、再訪率が高まることが期待できるにゃ。また、SNSでの情報提供によって、ファンを増やすことも見込まれるにゃ。

4. SNS発信用キャッチコピー例
若年層向け：新しい友達と特別な体験をシェアしよう！
中年層向け：大切な人と一緒に過ごす、最高のひととき！
高齢者層向け：ゆったりとした時間を共に楽しむ、心あたたまる場所！

5. 追加の収益施策アイデア
カフェやショップの導入、地元の特産品を扱うことで、訪問者が滞在中に購入したくなるような環境を提供するにゃ。また、参加型のワークショップを設けて、収益を上げる手段にもできるにゃ。"
道の駅「こまつ木場潟」	2人組	高齢層	中部	400万円未満	4	その他	中年層	中部	700～1,000万円未満	3	2人組	中年層	中部	1,000万円以上	2	
道の駅「赤神」	ひとり	高齢層	中部	700～1,000万円未満	4	2人組	中年層	関東	400～700万円未満	3	ひとり	中年層	中部	400～700万円未満	3	
道の駅「高松」	その他	中年層	中部	1,000万円以上	3	2人組	中年層	近畿	400～700万円未満	2	友人	高齢層	中部	400万円未満	2	
道の駅すずなり	2人組	若年層	関東	1,000万円以上	2	2人組	高齢層	近畿	400～700万円未満	2	ひとり	中年層	関東	400万円未満	2	
道の駅とぎ海街道	2人組	中年層	中部	400～700万円未満	4	ひとり	中年層	中部	400万円未満	4	2人組	若年層	中部	400～700万円未満	2	
道の駅のと千里浜	2人組	中年層	中部	400～700万円未満	6	2人組	若年層	中部	400～700万円未満	5	2人組	高齢層	中部	400～700万円未満	2	"1. 評価ポイント・改善ポイント
スタッフのフレンドリーな対応が好評で、清潔感も維持されています。しかし、目当てのものがなくなる遅さが課題で、特に足湯の提供時間を工夫する必要がありますにゃ。

2. 即応策
短期：足湯の利用時間を明確に告知し、事前に予約ができるシステムを導入するにゃ。
中期：持ち帰り可能な限定グッズやスナックの販売を始め、来場者が目当てを持ち帰れるようにするにゃ。

3. 期待効果
満足度の向上により再訪率が上昇し、来場者が記念に持ち帰れる商品を通じて口コミ効果が期待できるにゃ。

4. SNS発信用キャッチコピー例
- 中年層：友達との癒しのひとときを、完璧な空間で楽しもう！
- 若年層：探してたリフレッシュ、この場所に見つけた。
- 高齢層：心温まるひとときを、ここでのゆったりとした時間で彩ろう。

5. 追加の収益施策アイデア
月ごとにテーマを変えた特別イベントや体験教室を実施し、参加費を収益にするにゃ。また地元の料理を取り入れた食事プランを提供し、地域活性化も図るにゃ。"
道の駅めぐみ白山	2人組	中年層	中部	400万円未満	5	2人組	若年層	中部	400万円未満	4	ひとり	中年層	中部	400～700万円未満	4	"1. 評価ポイント・改善ポイント  
トイレがキレイで清潔感がある点や、食べ物が新鮮で充実していることが高く評価されています。ただ、他の施設と差別化を図るために、特に遊びや体験型コンテンツの充実が求められていますにゃ。

2. 即応策  
短期には、週末限定の「特別体験プログラム」を実施し、来場者に地元の特産品を使った体験型ワークショップを提供することが考えられます。このプログラムをSNSで拡散し、新しい参加者の獲得を目指しますにゃ。中期的には、リピーター向けにポイントカード制度を導入し、来場ごとにポイントが貯まる仕組みを作成しますにゃ。

3. 期待効果  
特別体験プログラムによって、新規来場者の満足度向上が見込まれ、再訪率も高まることが期待されます。また、ポイントカード制度によりリピーターを増やし、来場が促されることで全体的な売上向上に繋がりますにゃ。

4. SNS発信用キャッチコピー例  
中年層（ひとり）：「自分へのご褒美、ちょっと贅沢な一日を」  
中年層（2人組）：「友達と一緒に、特別な時間を楽しもう！」  
若年層（2人組）：「インスタ映えスポット、発見！」

5. 追加の収益施策アイデア  
地元のアーティストや職人によるミニマーケットを毎月開催し、訪問者に作品を購入できる機会を提供することで新しい収益源を作ることも考えられますにゃ。また、施設内にカフェや軽食コーナーを設け、地域の特産品を扱ったメニューを提供することで、食事からの収益も向上させることができますにゃ。"
道の駅桜峠	2人組	中年層	中部	400～700万円未満	4	その他	中年層	中部	700～1,000万円未満	2	ひとり	中年層	中部	700～1,000万円未満	2	
道の駅織姫の里なかのと	2人組	高齢層	中部	400万円未満	7	2人組	中年層	中部	400～700万円未満	6	2人組	若年層	中部	400～700万円未満	5	
道の駅輪島	2人組	中年層	中部	700～1,000万円未満	2	ひとり	若年層	中部	400万円未満	2	ひとり	高齢層	関東	400万円未満	2	
那谷寺	2人組	中年層	中部	400～700万円未満	7	2人組	高齢層	中部	400～700万円未満	7	2人組	若年層	中部	400～700万円未満	3	"1. 評価ポイント・改善ポイント
美味しい料理や美しい景観に対する高評価がある一方で、高齢者向けの安全対策が不十分との指摘があり、手摺の増設が求められているにゃ。

2. 即応策（短期・2〜4週間以内）
高齢者向けに手摺の設置や目立つ場所への注意喚起のサインを設けることで安全性を向上させるにゃ。 

3. 期待効果
高齢者の満足度向上によりリピーターが増え、再訪率が高まることが期待できるにゃ。

4. SNS発信用キャッチコピー例
中年層：心温まる味わい。美しい風景と共に思い出を刻もう。
高齢層：安全に楽しむ温泉旅行。大江戸温泉で心も体も癒されよう。
若年層：友達と一緒に味わう美味しい思い出。楽しい時間を過ごそう！

5. 追加の収益施策アイデア
定期的に地元食材を使用した特別メニューやイベントを開催し、地域の魅力を発信することで集客を図るにゃ。"
金沢カプセルホテル武蔵町	ひとり	若年層	近畿	400万円未満	5	ひとり	中年層	中部	400～700万円未満	3	2人組	中年層	九州	400～700万円未満	1	
金沢マンテンホテル駅前	ひとり	高齢層	近畿	1,000万円以上	10	ひとり	中年層	近畿	1,000万円以上	5	2人組	若年層	関東	400～700万円未満	3	
金沢中央観光案内所	2人組	若年層	関東	400～700万円未満	52	2人組	中年層	関東	1,000万円以上	45	友人	若年層	関東	400～700万円未満	19	"1. 評価ポイント・改善ポイント  
街並みや建物の美しさ、接客の丁寧さが高く評価されており、観光客がゆったりと過ごせる環境が整っていますにゃ。しかし、駅からのアクセスが悪い点や、バスの運行情報が不十分なため、訪問しづらいと感じる方がいるかもしれませんにゃ。

2. 即応策  
短期（2〜4週間以内）: 駅からのアクセスに関する情報をまとめた分かりやすいパンフレットを作成し、入口や待機場所に配布するにゃ。  
中期（半年以内）: バス運行情報の更新を行い、QRコードでスマホから簡単にアクセスできるように公式サイトを改善するにゃ。

3. 期待効果  
これにより訪問客の満足度が向上し、滞在中の時間が増えることで再訪率も改善される可能性が高いにゃ。また、口コミによる集客も期待できるにゃ。

4. SNS発信用キャッチコピー例  
若年層2人組：新しい友達と思い出を作ろう！  
中年層2人組：美しい街並みで大人の時間を楽しんで！  
若年層友人：楽しい思い出が待っている、君をお待ちしているよ！

5. 追加の収益施策アイデア  
特別イベントやワークショップを定期的に開催し、参加費を設定することで収益を上げるにゃ。また、地元の食材を使った料理教室や地元アーティストの作品販売など地域密着型の体験型プログラムを導入するのも良いと思うにゃ。"
金沢国際ホテル	その他	中年層	中部	400～700万円未満	7	その他	若年層	中部	400万円未満	4	ひとり	中年層	関東	700～1,000万円未満	4	
金沢城公園	2人組	若年層	関東	400～700万円未満	25	2人組	中年層	関東	1,000万円以上	13	友人	若年層	関東	400～700万円未満	11	"1. 評価ポイント・改善ポイント
施設の清掃や整備が行き届いており、訪れた際に快適に過ごせたとの評価が多いにゃ。また、ボランティアガイドの親切さやVR体験も好評で、利用者の満足度が高い点は素晴らしいにゃ。しかし、順路のわかりにくさが指摘されており、改善が必要にゃ。

2. 即応策
短期：施設内にわかりやすい案内板を設置し、電子的な順路アプリの導入を検討するにゃ。これにより、来場者がスムーズに案内を受けられるようにするにゃ。
中期：分かりやすいマップを印刷したガイドブックの作成をし、各ポイントにQRコードを設置して詳細情報を提供するにゃ。こうすることで、訪問者が興味のある場所を簡単に探し出せるようにするにゃ。

3. 期待効果
順路がわかりやすくなることで、来場者が快適に観光を楽しみ、満足度が向上するにゃ。その結果、リピート訪問や口コミによる新規来客の増加が期待できるにゃ。

4. SNS発信用キャッチコピー例
若年層2人組：友達と一緒に楽しむ、歴史巡り！新しい発見が待ってるよ。
中年層ひとり：落ち着いた雰囲気でひとり旅。心のリフレッシュに最適。
中年層2人組：この秋、紅葉と歴史の旅を2人で満喫しよう！

5. 追加の収益施策アイデア
特別イベントや体験教室を定期的に開催することで、参加料収入を得るにゃ。例えば、地元の食材を使った料理教室や伝統工芸体験など、多様なワークショップを展開し、他の観光客を引き寄せる施策が考えられるにゃ。"
金沢東急ホテル	2人組	中年層	関東	1,000万円以上	6	2人組	若年層	中部	1,000万円以上	3	2人組	高齢層	関東	400～700万円未満	3	
金沢港クルーズターミナル	2人組	高齢層	中部	400万円未満	5	家族連れ	若年層	中部	400万円未満	5	2人組	中年層	中部	700～1,000万円未満	3	
金沢能楽美術館	2人組	高齢層	関東	400～700万円未満	2	ひとり	中年層	近畿	400～700万円未満	2	ひとり	若年層	中部	400～700万円未満	1	
金沢蓄音器館	ひとり	若年層	関東	400～700万円未満	7	2人組	若年層	関東	400～700万円未満	5	2人組	中年層	関東	1,000万円以上	3	
金沢駅	2人組	若年層	関東	400～700万円未満	20	2人組	中年層	関東	700～1,000万円未満	19	ひとり	中年層	関東	400～700万円未満	17	"1. 評価ポイント・改善ポイント  
施設は情報が充実しており、食事やお土産の選択肢も豊富で訪問者に楽しい体験を提供しているにゃ。一方で、展示物の分かりやすさや、チケットの取得に課題があり、改善が必要にゃ。

2. 即応策  
短期（2〜4週間以内）：展示物に関する説明資料を追加し、インフォメーションセンターでの簡易ガイドを設置するにゃ。中期（半年以内）：チケット購入プロセスをオンラインで簡素化し、アプリまたはウェブサイトでの予約システムを導入するにゃ。

3. 期待効果  
改善によって展示物の理解度が上がり、訪問者の満足度が向上することで再訪率が上昇するにゃ。また、チケットの取得がスムーズになることで、より多くの訪問者を呼び込むことが期待できるにゃ。

4. SNS発信用キャッチコピー例  
ペルソナ名称1：アクティブカップル向け「美味しい体験と共に、思い出を作ろう！」  
ペルソナ名称2：落ち着きたい中年層「静かで心地良いひとときを、ここで。」  
ペルソナ名称3：ひとり旅の達人「一人でも楽しめる、特別な隠れ家。」

5. 追加の収益施策アイデア  
地元の特産品を使用した料理教室や体験ワークショップを定期的に開催し、参加費を収益化するにゃ。また、公式SNSでのシェアキャンペーンや割引チケットの販売を通じて新たな顧客層を獲得する施策もおすすめにゃ。"
長町武家屋敷休憩館	2人組	中年層	関東	1,000万円以上	7	2人組	若年層	関東	1,000万円以上	7	その他	中年層	関東	700～1,000万円未満	5	"1. 評価ポイント・改善ポイント  
トイレやベビーカー対応が評価されており、特にアクセスの良さや施設の整備の良さが好評です。しかし、歩道のガタガタや芳香剤の強い匂いが不満として挙げられているため、これらの改善を検討する必要がありますにゃ。

2. 即応策  
短期的には、歩道の改善と芳香剤の匂いを抑えるための吸湿性のある芳香剤への変更を行うことが重要です。社内メンバーで歩道の補修作業や香りの見直しを行うことで、低コストで実施できますにゃ。

3. 期待効果  
これらの改善により、訪問者の満足度が向上し、再訪率の向上が期待されます。また、SNSでの口コミも良くなり、集客に繋がる可能性がありますにゃ。

4. SNS発信用キャッチコピー例  
- 若年層：今すぐ、お友達と一緒に思い出を作ろう！  
- 中年層：おしゃれなお庭で贅沢なひとときを。  
- 高齢層：歴史を感じる場所で、ゆったりとした時間をどうぞ。

5. 追加の収益施策アイデア  
庭園内での写真撮影サービスや、特設カフェスペースでのテイクアウトメニュー販売を検討することができます。また、特別イベントやワークショップを開催し、追加の入場料を収入源にすることも可能ですにゃ。"
香林坊地下駐車場	2人組	中年層	中部	700～1,000万円未満	9	2人組	若年層	中部	400～700万円未満	8	ひとり	中年層	中部	400～700万円未満	4	
ＨＯＴＥＬ金沢　兼六荘	2人組	高齢層	中部	400万円未満	4	その他	高齢層	中部	400万円未満	3	2人組	若年層	近畿	400～700万円未満	2	"1. 評価ポイント・改善ポイント  
職員の親切な対応が高評価を得ており、顧客満足度が見込めるにゃ。また、九谷焼のマグカップのお土産が好評で、商品展開の可能性を感じるにゃ。改善点としては、施設の案内が分かりにくいとの意見があるため、改善が求められるにゃ。

2. 即応策  
短期的には、施設内の案内サインを分かりやすくするために、視認性の高いポスターや地図を作成するにゃ。さらに、スタッフがより積極的に来館者に話しかけるようにし、情報提供を強化するにゃ。中期的には、オリジナルのお土産商品のラインナップを増やし、明確なテーマやストーリーを持たせるにゃ。

3. 期待効果  
即応策を実施することで、案内の分かりやすさが向上し、顧客満足度が高まるにゃ。また、オリジナル商品が増えることで、再訪率を向上させる効果も期待できるにゃ。次回訪問時の興味を引くアイテムを提供することが可能になるにゃ。

4. SNS発信用キャッチコピー例  
高齢層・2人組向け：大切な人と一緒に、心温まるひとときをお楽しみください！  
高齢層・その他向け：あなたの旅の思い出は、九谷焼と共に！お土産が思い出を鮮やかに彩ります。  
若年層・2人組向け：友達と一緒に特別な体験を！あなただけの思い出、見つけに来てね！

5. 追加の収益施策アイデア  
九谷焼マグカップの購入者を対象に、オンラインワークショップ開催を提案するにゃ。ワークショップ参加者には、施設内で使える割引チケットを提供することで、追加の収益が見込めるにゃ。また、特別イベントや季節ごとのキャンペーンを定期的に開催し、リピーターを増やす施策も効果的だにゃ。"